Top %,View,A00,A01,A02,A07,A08,A09,B00,B03,B08,C00,C01,C02,C03,C04,C05,C08,C14,C19,C20,D01,D03,D04,D06,D07,D08,D09,D10,D11,D12,D13,D14,D15,D20,D25,D30,D35,D43,D44,D45,D55,D63,D64,D65,D66,D70,D71,D84
1,Cả nước,27.1,26.75,25.75,26.55,26.85,27.05,26.55,25.8,25.9,28.0,26.45,26.65,26.35,26.55,26.5,26.25,27.0,28.0,28.25,26.5,27.7,27.1,27.799999999999997,26.6,25.9,26.0,26.1,26.4,26.3,25.75,26.9,27.0,26.7,26.6,26.55,26.099999999999998,28.25,28.25,27.6,26.75,28.1,28.5,27.4,27.5,28.8,28.1,26.65
1,Miền Bắc,27.45,26.95,26.0,26.8,27.05,27.25,26.7,26.05,26.0,28.25,26.75,27.0,26.65,26.8,27.0,26.5,27.2,28.25,28.5,26.75,27.85,27.15,27.9,26.75,26.0,26.25,26.4,26.75,26.6,26.0,27.2,27.3,26.7,26.75,26.55,26.25,28.25,28.3,27.65,26.85,28.25,28.55,27.45,27.75,28.85,28.15,26.85
1,Miền Nam,26.65,26.5,25.45,26.0,26.35,26.55,26.4,25.45,25.849999999999998,27.25,25.85,26.15,25.55,25.7,26.0,25.75,26.25,27.25,27.5,25.900000000000002,27.25,26.599999999999998,27.1,26.5,25.849999999999998,25.35,25.5,25.95,26.0,25.45,26.1,26.2,26.65,27.75,27.1,26.5,28.25,27.0,26.95,26.6,27.4,26.5,26.9,26.8,28.5,27.9,26.15
2,Cả nước,26.6,26.25,25.3,26.0,26.4,26.65,26.0,25.35,25.4,27.5,26.05,26.25,25.85,26.1,26.25,25.75,26.65,27.5,27.75,26.049999999999997,27.5,26.75,27.5,26.1,25.4,25.35,25.5,25.9,25.75,25.25,26.3,26.45,26.25,26.25,26.299999999999997,25.599999999999998,27.8,28.05,27.2,26.15,27.75,28.15,27.1,27.0,28.75,27.8,26.15
2,Miền Bắc,27.0,26.5,25.55,26.3,26.65,26.9,26.2,25.7,25.5,27.75,26.4,26.6,26.2,26.4,26.5,26.0,26.9,27.75,28.0,26.35,27.65,26.85,27.6,26.25,25.5,25.7,25.85,26.3,26.1,25.5,26.65,26.8,26.25,26.200000000000003,26.4,25.599999999999998,27.85,28.1,27.3,26.3,27.8,28.3,27.15,27.35,28.8,27.85,26.4
2,Miền Nam,26.15,26.049999999999997,25.0,25.45,25.85,26.15,25.8,24.95,25.3,26.5,25.45,25.7,24.95,25.25,25.5,25.25,25.85,26.75,27.0,25.45,26.15,26.2,26.4,26.0,25.3,24.65,24.9,25.45,25.45,24.95,25.4,25.6,25.799999999999997,26.6,26.849999999999998,26.099999999999998,27.25,26.6,26.45,26.15,27.25,26.3,26.45,26.25,27.35,27.45,25.6
3,Cả nước,26.25,25.950000000000003,25.0,25.65,26.05,26.35,25.6,25.1,25.05,27.0,25.8,25.95,25.5,25.8,25.75,25.25,26.4,27.25,27.5,25.7,27.4,26.450000000000003,27.25,25.75,25.05,24.9,25.1,25.6,25.4,24.9,25.85,26.05,25.950000000000003,25.85,25.95,25.5,27.5,27.8,26.9,25.8,27.65,27.8,26.85,26.65,28.55,27.55,25.75
3,Miền Bắc,26.65,26.200000000000003,25.3,25.95,26.35,26.6,25.85,25.45,25.2,27.25,26.2,26.35,25.85,26.1,26.25,25.75,26.7,27.5,27.75,26.05,27.5,26.55,27.5,25.9,25.2,25.25,25.45,26.0,25.75,25.2,26.25,26.45,26.049999999999997,25.85,25.95,25.549999999999997,27.75,28.05,27.05,26.05,27.75,28.1,26.9,27.05,28.75,27.65,26.05
3,Miền Nam,25.8,25.7,24.65,25.05,25.55,25.85,25.4,24.7,24.950000000000003,26.0,25.2,25.4,24.6,24.9,25.25,24.75,25.55,26.5,26.75,25.1,26.0,25.85,26.15,25.6,24.950000000000003,24.2,24.45,25.15,25.1,24.6,24.95,25.15,25.549999999999997,26.549999999999997,26.1,25.5,26.15,26.35,26.2,25.55,26.5,26.3,26.05,25.85,27.2,26.9,25.2
4,Cả nước,26.0,25.700000000000003,24.75,25.3,25.8,26.1,25.35,24.9,24.8,26.75,25.6,25.75,25.2,25.55,25.5,25.0,26.2,27.0,27.25,25.400000000000002,27.2,26.3,27.1,25.45,24.8,24.5,24.75,25.3,25.1,24.6,25.5,25.7,25.799999999999997,25.65,25.55,25.25,27.3,27.75,26.7,25.55,27.55,27.55,26.6,26.4,28.35,27.35,25.45
4,Miền Bắc,26.4,26.0,25.1,25.65,26.1,26.4,25.55,25.25,24.95,27.0,26.0,26.15,25.6,25.9,26.0,25.5,26.5,27.25,27.75,25.8,27.4,26.4,27.35,25.6,24.95,24.9,25.15,25.75,25.45,24.9,25.95,26.15,25.85,25.65,25.75,25.1,27.5,27.8,26.85,25.7,27.6,27.8,26.7,26.75,28.55,27.45,25.75
4,Miền Nam,25.5,25.45,24.45,24.75,25.3,25.6,25.1,24.45,24.7,25.75,24.95,25.15,24.3,24.65,25.0,24.5,25.35,26.25,26.5,24.8,25.9,25.6,25.95,25.3,24.7,23.8,24.1,24.85,24.8,24.35,24.6,24.85,25.2,25.950000000000003,25.55,25.45,26.15,25.5,26.0,25.45,26.4,26.15,25.85,25.55,26.55,26.7,24.85
5,Cả nước,25.75,25.5,24.6,25.05,25.6,25.9,25.1,24.7,24.6,26.25,25.4,25.55,25.0,25.3,25.25,24.75,26.0,26.75,27.0,25.2,26.95,26.2,26.9,25.2,24.6,24.150000000000002,24.45,25.1,24.85,24.4,25.2,25.45,25.6,25.45,25.0,24.95,27.25,27.6,26.55,25.4,27.3,27.3,26.35,26.1,28.25,27.2,25.15
5,Miền Bắc,26.2,25.799999999999997,24.9,25.4,25.9,26.2,25.35,25.1,24.700000000000003,26.75,25.85,26.0,25.4,25.7,26.0,25.25,26.35,27.25,27.5,25.6,27.3,26.25,27.15,25.35,24.700000000000003,24.6,24.85,25.55,25.2,24.7,25.65,25.9,25.7,25.55,25.15,24.950000000000003,27.3,27.8,26.65,25.5,27.55,27.75,26.5,26.55,28.5,27.3,25.5
5,Miền Nam,25.3,25.200000000000003,24.25,24.45,25.05,25.4,24.85,24.3,24.5,25.5,24.8,25.0,24.1,24.4,24.75,24.25,25.15,26.0,26.25,24.599999999999998,25.7,25.4,25.75,25.099999999999998,24.5,23.450000000000003,23.799999999999997,24.65,24.6,24.1,24.25,24.55,25.05,25.5,25.0,25.25,25.9,25.3,25.8,25.3,26.4,26.1,25.6,25.25,26.25,26.55,24.55
6,Cả nước,25.6,25.3,24.4,24.8,25.4,25.75,24.85,24.55,24.4,26.0,25.3,25.4,24.75,25.1,25.25,24.5,25.85,26.5,27.0,24.950000000000003,26.85,26.0,26.799999999999997,25.0,24.4,23.9,24.2,24.9,24.65,24.15,24.9,25.2,25.45,25.349999999999998,24.95,24.75,27.0,27.35,26.4,25.35,27.1,27.25,26.2,25.85,28.1,27.15,24.9
6,Miền Bắc,26.05,25.6,24.75,25.15,25.7,26.05,25.15,24.95,24.549999999999997,26.5,25.75,25.85,25.2,25.5,25.75,25.0,26.2,27.0,27.25,25.4,27.2,26.15,27.0,25.15,24.549999999999997,24.3,24.6,25.35,25.0,24.5,25.4,25.65,25.549999999999997,25.4,25.0,24.75,27.25,27.75,26.5,25.4,27.4,27.5,26.3,26.35,28.35,27.2,25.25
6,Miền Nam,25.1,25.049999999999997,24.1,24.25,24.85,25.25,24.6,24.1,24.3,25.25,24.65,24.8,23.85,24.25,24.5,24.0,25.0,25.75,26.25,24.35,25.5,25.25,25.65,24.85,24.3,23.15,23.5,24.45,24.35,23.9,23.95,24.3,24.95,25.4,24.95,24.85,25.75,24.9,25.7,24.8,25.9,25.6,25.35,25.0,26.15,26.3,24.3
7,Cả nước,25.4,25.15,24.25,24.6,25.25,25.6,24.7,24.4,24.25,26.0,25.15,25.25,24.55,24.95,25.0,24.5,25.7,26.5,26.75,24.75,26.75,25.85,26.650000000000002,24.799999999999997,24.25,23.6,23.900000000000002,24.7,24.45,24.0,24.65,24.95,25.3,25.15,24.8,24.599999999999998,26.95,27.25,26.25,25.2,26.9,27.1,26.05,25.65,28.0,27.0,24.65
7,Miền Bắc,25.9,25.45,24.6,24.95,25.55,25.9,24.95,24.8,24.35,26.25,25.65,25.75,25.0,25.35,25.5,24.75,26.1,26.75,27.25,25.25,27.0,26.0,26.9,24.95,24.35,24.05,24.35,25.2,24.8,24.3,25.2,25.45,25.400000000000002,25.15,24.849999999999998,24.700000000000003,27.05,27.6,26.4,25.35,27.2,27.35,26.15,26.15,28.25,27.1,25.05
7,Miền Nam,24.95,24.85,23.95,24.05,24.7,25.1,24.45,24.0,24.1,25.0,24.5,24.65,23.65,24.05,24.25,24.0,24.85,25.75,26.0,24.15,25.3,25.1,25.55,24.7,24.1,22.9,23.25,24.25,24.15,23.75,23.7,24.05,24.85,25.25,24.700000000000003,24.549999999999997,25.55,24.9,25.55,24.65,25.75,25.4,25.25,24.75,26.1,26.2,24.05
8,Cả nước,25.25,24.950000000000003,24.15,24.4,25.1,25.45,24.55,24.3,24.05,25.75,25.05,25.1,24.4,24.75,24.75,24.25,25.55,26.25,26.75,24.6,26.6,25.700000000000003,26.6,24.6,24.05,23.35,23.7,24.55,24.25,23.85,24.4,24.7,25.15,25.05,24.75,24.5,26.85,27.1,26.15,24.9,26.85,27.05,25.9,25.45,27.85,26.85,24.45
8,Miền Bắc,25.75,25.3,24.45,24.75,25.4,25.75,24.8,24.7,24.200000000000003,26.25,25.55,25.6,24.85,25.2,25.5,24.75,25.95,26.75,27.0,25.05,26.95,25.85,26.799999999999997,24.75,24.200000000000003,23.849999999999998,24.1,25.05,24.6,24.15,24.95,25.25,25.25,25.05,24.8,24.55,27.0,27.5,26.25,25.2,27.0,27.3,26.05,25.95,28.15,27.0,24.85
8,Miền Nam,24.8,24.7,23.8,23.85,24.55,24.95,24.25,23.85,23.950000000000003,24.75,24.4,24.55,23.5,23.9,24.25,23.75,24.7,25.5,25.75,24.0,25.150000000000002,25.0,25.200000000000003,24.5,23.950000000000003,22.65,23.0,24.1,24.0,23.55,23.45,23.8,24.75,25.1,24.6,24.450000000000003,25.5,24.8,25.35,24.6,25.75,24.9,24.95,24.55,25.45,25.95,23.8
9,Cả nước,25.1,24.8,24.0,24.25,24.95,25.3,24.35,24.15,23.9,25.5,24.9,25.0,24.25,24.6,24.75,24.0,25.45,26.25,26.5,24.4,26.55,25.6,26.45,24.45,23.9,23.15,23.5,24.4,24.1,23.65,24.2,24.55,25.05,25.0,24.6,24.45,26.65,27.05,26.05,24.85,26.75,26.85,25.75,25.25,27.75,26.8,24.25
9,Miền Bắc,25.6,25.15,24.35,24.6,25.25,25.6,24.65,24.6,24.05,26.0,25.45,25.5,24.7,25.05,25.25,24.5,25.85,26.5,27.0,24.9,26.85,25.75,26.7,24.6,24.05,23.6,23.9,24.9,24.45,24.0,24.75,25.05,25.15,25.0,24.75,24.5,26.9,27.3,26.15,24.9,26.9,27.25,25.9,25.75,28.05,26.9,24.65
9,Miền Nam,24.65,24.549999999999997,23.7,23.65,24.4,24.8,24.1,23.7,23.8,24.75,24.25,24.4,23.3,23.75,24.0,23.5,24.55,25.25,25.75,23.8,25.049999999999997,24.85,25.05,24.35,23.8,22.4,22.8,23.95,23.85,23.4,23.25,23.6,24.6,24.95,24.549999999999997,24.3,25.4,24.1,25.05,24.45,25.65,24.45,24.85,24.35,25.0,25.9,23.6
10,Cả nước,24.95,24.650000000000002,23.9,24.05,24.8,25.2,24.25,24.05,23.799999999999997,25.25,24.8,24.85,24.05,24.5,24.5,24.0,25.3,26.0,26.5,24.25,26.45,25.5,26.3,24.3,23.799999999999997,22.9,23.25,24.25,23.95,23.55,24.0,24.35,24.95,24.900000000000002,24.549999999999997,24.3,26.55,27.0,25.95,24.8,26.65,26.85,25.65,25.05,27.6,26.7,24.049999999999997
10,Miền Bắc,25.45,25.0,24.25,24.4,25.15,25.5,24.55,24.5,23.900000000000002,25.75,25.35,25.4,24.55,24.95,25.25,24.5,25.75,26.5,26.75,24.75,26.8,25.65,26.65,24.45,23.900000000000002,23.35,23.700000000000003,24.75,24.3,23.85,24.55,24.85,25.049999999999997,25.0,24.65,24.45,26.85,27.3,26.05,24.85,26.85,27.1,25.75,25.6,28.0,26.8,24.45
10,Miền Nam,24.5,24.4,23.55,23.5,24.3,24.7,23.95,23.6,23.7,24.5,24.15,24.3,23.15,23.6,24.0,23.5,24.45,25.25,25.5,23.65,24.85,24.8,25.0,24.2,23.7,22.2,22.6,23.8,23.7,23.25,23.05,23.4,24.450000000000003,24.85,24.4,24.25,25.35,23.8,24.9,24.3,25.6,24.35,24.75,24.15,24.8,25.8,23.4
11,Cả nước,24.85,24.549999999999997,23.8,23.9,24.65,25.1,24.1,23.95,23.65,25.25,24.7,24.75,23.95,24.35,24.5,23.75,25.2,26.0,26.25,24.05,26.4,25.4,26.25,24.15,23.65,22.7,23.05,24.1,23.8,23.4,23.8,24.15,24.8,24.8,24.4,24.25,26.5,26.85,25.85,24.65,26.5,26.8,25.55,24.85,27.55,26.6,23.85
11,Miền Bắc,25.35,24.9,24.15,24.25,25.0,25.4,24.4,24.4,23.799999999999997,25.75,25.25,25.3,24.4,24.8,25.0,24.25,25.65,26.25,26.75,24.599999999999998,26.700000000000003,25.5,26.55,24.3,23.799999999999997,23.150000000000002,23.549999999999997,24.6,24.15,23.7,24.4,24.7,24.9,24.799999999999997,24.45,24.299999999999997,26.7,27.1,26.0,24.85,26.75,27.05,25.7,25.4,27.85,26.7,24.25
11,Miền Nam,24.35,24.25,23.45,23.35,24.15,24.6,23.8,23.5,23.549999999999997,24.25,24.05,24.15,23.0,23.45,23.75,23.25,24.35,25.0,25.5,23.5,24.6,24.65,24.9,24.05,23.549999999999997,22.0,22.4,23.65,23.55,23.15,22.85,23.25,24.3,24.8,24.2,24.0,25.35,23.55,24.8,24.0,25.55,23.45,24.6,24.0,24.65,25.6,23.2
12,Cả nước,24.7,24.4,23.7,23.75,24.55,24.95,24.0,23.85,23.549999999999997,25.0,24.6,24.65,23.8,24.2,24.25,23.75,25.1,25.75,26.25,23.9,26.3,25.299999999999997,26.2,24.049999999999997,23.549999999999997,22.5,22.9,23.95,23.65,23.25,23.6,24.0,24.7,24.700000000000003,24.25,24.1,26.4,26.8,25.8,24.55,26.45,26.75,25.45,24.7,27.5,26.5,23.65
12,Miền Bắc,25.25,24.75,24.05,24.1,24.9,25.3,24.3,24.3,23.65,25.5,25.2,25.2,24.3,24.7,25.0,24.25,25.55,26.25,26.5,24.400000000000002,26.65,25.45,26.4,24.15,23.65,23.0,23.35,24.5,24.0,23.6,24.2,24.55,24.799999999999997,24.55,24.25,24.25,26.6,27.1,25.9,24.8,26.65,27.0,25.6,25.25,27.8,26.65,24.1
12,Miền Nam,24.25,24.1,23.35,23.2,24.05,24.45,23.7,23.4,23.4,24.25,23.95,24.05,22.9,23.35,23.75,23.25,24.25,25.0,25.5,23.35,24.35,24.5,24.9,23.900000000000002,23.4,21.8,22.25,23.5,23.4,23.0,22.65,23.1,24.200000000000003,24.8,24.1,23.9,25.2,23.5,24.75,24.0,24.9,23.3,24.55,23.8,24.55,25.6,23.0
13,Cả nước,24.6,24.299999999999997,23.6,23.6,24.45,24.85,23.85,23.75,23.4,24.75,24.55,24.55,23.65,24.1,24.25,23.5,25.0,25.75,26.0,23.75,26.25,25.200000000000003,26.15,23.9,23.4,22.3,22.7,23.85,23.55,23.15,23.4,23.8,24.55,24.55,24.2,23.95,26.3,26.7,25.65,24.5,26.4,26.6,25.35,24.5,27.5,26.4,23.45
13,Miền Bắc,25.15,24.65,23.95,23.95,24.75,25.2,24.2,24.2,23.55,25.25,25.1,25.1,24.15,24.55,24.75,24.0,25.45,26.0,26.5,24.299999999999997,26.6,25.35,26.3,24.049999999999997,23.55,22.799999999999997,23.15,24.4,23.9,23.45,24.0,24.4,24.65,24.450000000000003,24.25,24.2,26.5,27.05,25.8,24.7,26.55,26.9,25.5,25.1,27.75,26.55,23.9
13,Miền Nam,24.15,24.0,23.25,23.05,23.9,24.35,23.6,23.3,23.3,24.0,23.85,23.95,22.75,23.2,23.5,23.0,24.1,24.75,25.25,23.2,24.25,24.4,24.75,23.8,23.3,21.6,22.05,23.4,23.3,22.9,22.5,22.9,24.15,24.8,24.05,23.85,25.15,23.45,24.6,23.9,24.85,23.25,24.45,23.65,24.35,25.5,22.85
14,Cả nước,24.5,24.15,23.5,23.45,24.3,24.75,23.75,23.65,23.299999999999997,24.75,24.45,24.45,23.5,23.95,24.0,23.5,24.9,25.5,26.0,23.6,26.2,25.15,26.049999999999997,23.799999999999997,23.299999999999997,22.1,22.549999999999997,23.7,23.4,23.0,23.25,23.65,24.45,24.450000000000003,24.1,23.85,26.2,26.63,25.6,24.45,26.35,26.45,25.2,24.35,27.4,26.35,23.299999999999997
14,Miền Bắc,25.0,24.5,23.85,23.85,24.65,25.1,24.1,24.15,23.45,25.25,25.05,25.05,24.05,24.45,24.75,24.0,25.35,26.0,26.5,24.15,26.55,25.25,26.299999999999997,23.900000000000002,23.45,22.6,23.0,24.25,23.75,23.35,23.85,24.25,24.55,24.35,24.2,23.95,26.5,27.05,25.75,24.6,26.45,26.85,25.4,24.95,27.6,26.45,23.75
14,Miền Nam,24.0,23.85,23.15,22.95,23.8,24.25,23.45,23.2,23.2,23.75,23.75,23.9,22.62,23.1,23.5,23.0,24.0,24.75,25.25,23.05,24.2,24.25,24.7,23.7,23.2,21.45,21.9,23.25,23.15,22.75,22.3,22.75,24.0,24.65,23.85,23.75,25.1,23.35,24.45,23.7,24.8,23.05,24.3,23.5,24.1,25.35,22.65
15,Cả nước,24.4,24.049999999999997,23.4,23.35,24.2,24.65,23.65,23.6,23.2,24.5,24.35,24.35,23.4,23.85,24.0,23.25,24.8,25.5,25.75,23.45,26.150000000000002,25.05,26.0,23.65,23.2,21.95,22.35,23.6,23.3,22.9,23.1,23.5,24.35,24.3,24.0,23.799999999999997,26.15,26.6,25.5,24.3,26.2,26.35,25.1,24.2,27.35,26.25,23.1
15,Miền Bắc,24.9,24.4,23.8,23.7,24.55,25.0,24.0,24.05,23.3,25.0,24.95,24.95,23.9,24.35,24.75,23.75,25.3,26.0,26.25,24.0,26.450000000000003,25.2,26.25,23.8,23.3,22.4,22.849999999999998,24.15,23.65,23.25,23.7,24.1,24.45,24.25,24.1,23.9,26.4,27.0,25.65,24.5,26.45,26.8,25.3,24.8,27.55,26.4,23.55
15,Miền Nam,23.9,23.75,23.05,22.8,23.7,24.15,23.35,23.15,23.05,23.75,23.7,23.8,22.5,23.0,23.25,23.0,23.95,24.5,25.0,22.9,23.8,24.15,24.6,23.55,23.05,21.299999999999997,21.75,23.15,23.05,22.65,22.15,22.6,23.9,24.65,23.8,23.65,24.9,23.25,24.35,23.7,24.6,23.05,24.25,23.35,24.0,25.3,22.5
16,Cả nước,24.25,23.9,23.3,23.2,24.1,24.55,23.55,23.5,23.05,24.5,24.25,24.25,23.25,23.75,23.75,23.25,24.7,25.25,25.75,23.3,26.15,24.950000000000003,25.9,23.55,23.05,21.75,22.2,23.45,23.2,22.8,22.9,23.35,24.25,24.25,23.85,23.65,26.1,26.55,25.35,24.15,26.1,26.3,25.0,24.05,27.3,26.15,22.95
16,Miền Bắc,24.85,24.299999999999997,23.7,23.55,24.45,24.9,23.9,24.0,23.200000000000003,25.0,24.9,24.85,23.8,24.25,24.5,23.75,25.2,25.75,26.25,23.85,26.400000000000002,25.15,26.2,23.7,23.200000000000003,22.25,22.65,24.05,23.5,23.1,23.55,23.95,24.35,24.2,24.049999999999997,23.799999999999997,26.35,26.85,25.55,24.45,26.35,26.8,25.2,24.65,27.55,26.3,23.4
16,Miền Nam,23.8,23.6,22.95,22.7,23.6,24.05,23.25,23.05,22.950000000000003,23.5,23.6,23.7,22.4,22.9,23.25,22.75,23.85,24.5,25.0,22.799999999999997,23.8,24.0,24.55,23.45,22.950000000000003,21.1,21.6,23.05,22.95,22.55,22.0,22.45,23.75,24.35,23.75,23.6,24.65,22.9,24.25,23.65,24.55,22.75,24.1,23.2,23.85,25.25,22.35
17,Cả nước,24.15,23.8,23.25,23.1,24.0,24.45,23.45,23.4,22.950000000000003,24.25,24.2,24.2,23.15,23.6,23.75,23.0,24.6,25.25,25.75,23.2,26.1,24.9,25.849999999999998,23.45,22.950000000000003,21.6,22.05,23.35,23.1,22.7,22.75,23.2,24.150000000000002,24.2,23.799999999999997,23.65,25.95,26.5,25.25,24.05,26.0,26.3,24.9,23.9,27.3,26.05,22.8
17,Miền Bắc,24.75,24.150000000000002,23.6,23.45,24.35,24.8,23.8,23.9,23.1,24.75,24.85,24.8,23.7,24.15,24.5,23.75,25.1,25.75,26.25,23.7,26.4,25.049999999999997,26.15,23.6,23.1,22.1,22.5,23.9,23.4,23.0,23.4,23.8,24.25,24.15,23.9,23.65,26.2,26.8,25.45,24.45,26.35,26.8,25.1,24.5,27.5,26.25,23.25
17,Miền Nam,23.7,23.5,22.9,22.6,23.5,24.0,23.15,22.95,22.85,23.5,23.5,23.6,22.25,22.8,23.0,22.75,23.75,24.5,25.0,22.65,23.6,23.950000000000003,24.4,23.35,22.85,20.950000000000003,21.45,22.9,22.85,22.45,21.85,22.3,23.65,24.3,23.65,23.55,24.55,22.9,24.2,23.6,24.45,22.6,23.95,23.1,23.8,25.2,22.25
18,Cả nước,24.05,23.7,23.15,22.95,23.9,24.35,23.35,23.35,22.85,24.25,24.1,24.1,23.05,23.5,23.75,23.0,24.5,25.0,25.5,23.05,26.0,24.8,25.799999999999997,23.35,22.85,21.45,21.9,23.25,23.0,22.6,22.6,23.05,24.05,24.1,23.65,23.55,25.9,26.4,25.15,23.95,25.95,26.25,24.85,23.75,27.25,26.0,22.65
18,Miền Bắc,24.65,24.05,23.55,23.3,24.25,24.7,23.7,23.85,23.0,24.75,24.75,24.7,23.6,24.05,24.25,23.5,25.0,25.5,26.0,23.55,26.349999999999998,24.950000000000003,26.049999999999997,23.5,23.0,21.9,22.35,23.8,23.3,22.9,23.25,23.65,24.15,24.049999999999997,23.799999999999997,23.65,26.15,26.75,25.35,24.3,26.2,26.65,25.0,24.35,27.5,26.15,23.05
18,Miền Nam,23.6,23.4,22.8,22.45,23.4,23.9,23.05,22.9,22.75,23.25,23.45,23.5,22.15,22.7,23.0,22.5,23.65,24.25,24.75,22.5,23.4,23.9,24.3,23.25,22.75,20.8,21.3,22.8,22.7,22.35,21.7,22.2,23.5,24.25,23.55,23.549999999999997,24.5,22.8,24.05,23.45,24.4,22.55,23.85,22.95,23.7,25.05,22.1
19,Cả nước,24.0,23.599999999999998,23.05,22.85,23.8,24.25,23.25,23.25,22.75,24.0,24.05,24.0,22.9,23.4,23.5,23.0,24.4,25.0,25.5,22.9,25.950000000000003,24.700000000000003,25.75,23.25,22.75,21.3,21.75,23.15,22.85,22.5,22.45,22.95,23.950000000000003,24.049999999999997,23.6,23.5,25.85,26.35,25.05,23.75,25.9,26.25,24.7,23.65,27.2,25.9,22.5
19,Miền Bắc,24.55,23.95,23.45,23.2,24.15,24.6,23.6,23.75,22.9,24.5,24.7,24.65,23.45,23.95,24.25,23.5,24.95,25.5,26.0,23.4,26.3,24.9,26.0,23.4,22.9,21.75,22.2,23.7,23.2,22.8,23.1,23.55,24.05,24.0,23.65,23.55,26.1,26.65,25.25,24.2,26.15,26.6,24.9,24.2,27.45,26.05,22.9
19,Miền Nam,23.5,23.299999999999997,22.7,22.35,23.3,23.8,22.95,22.8,22.65,23.25,23.35,23.45,22.05,22.6,23.0,22.5,23.55,24.25,24.75,22.4,23.3,23.799999999999997,24.25,23.15,22.65,20.65,21.2,22.7,22.6,22.25,21.55,22.05,23.4,24.2,23.5,23.45,24.45,22.75,24.0,23.45,24.4,22.35,23.8,22.85,23.6,25.0,21.95
20,Cả nước,23.9,23.450000000000003,23.0,22.7,23.7,24.2,23.15,23.2,22.65,24.0,23.95,23.95,22.8,23.3,23.5,22.75,24.35,25.0,25.5,22.799999999999997,25.9,24.65,25.65,23.15,22.65,21.15,21.6,23.05,22.75,22.35,22.35,22.8,23.9,23.950000000000003,23.5,23.4,25.75,26.3,25.0,23.7,25.8,26.1,24.65,23.5,27.15,25.85,22.35
20,Miền Bắc,24.45,23.85,23.4,23.1,24.05,24.5,23.5,23.7,22.8,24.5,24.65,24.55,23.35,23.85,24.25,23.25,24.85,25.5,26.0,23.299999999999997,26.299999999999997,24.8,25.950000000000003,23.299999999999997,22.8,21.6,22.05,23.6,23.1,22.7,22.95,23.4,23.950000000000003,23.9,23.6,23.450000000000003,26.1,26.63,25.2,24.1,26.05,26.45,24.85,24.05,27.4,26.0,22.8
20,Miền Nam,23.4,23.150000000000002,22.65,22.25,23.2,23.7,22.85,22.75,22.55,23.25,23.3,23.35,21.95,22.5,22.75,22.5,23.5,24.08,24.5,22.299999999999997,23.2,23.7,24.2,23.0,22.55,20.549999999999997,21.05,22.6,22.5,22.15,21.4,21.95,23.25,24.1,23.35,23.35,24.3,22.7,23.9,23.45,24.2,22.3,23.7,22.7,23.6,24.9,21.85
21,Cả nước,23.8,23.35,22.9,22.6,23.6,24.1,23.05,23.1,22.55,23.75,23.9,23.85,22.7,23.2,23.25,22.75,24.25,24.75,25.25,22.65,25.9,24.549999999999997,25.6,23.049999999999997,22.55,21.0,21.5,22.95,22.7,22.3,22.2,22.65,23.8,23.9,23.35,23.35,25.6,26.25,24.9,23.65,25.7,26.1,24.55,23.4,27.1,25.75,22.25
21,Miền Bắc,24.35,23.75,23.3,22.95,23.95,24.45,23.4,23.65,22.700000000000003,24.25,24.6,24.5,23.25,23.75,24.0,23.25,24.8,25.25,25.75,23.15,26.25,24.700000000000003,25.85,23.2,22.700000000000003,21.45,21.9,23.5,23.0,22.6,22.85,23.25,23.9,23.75,23.4,23.4,25.95,26.6,25.1,23.95,26.0,26.45,24.7,23.95,27.4,25.9,22.65
21,Miền Nam,23.3,23.05,22.55,22.15,23.1,23.65,22.75,22.65,22.45,23.0,23.2,23.3,21.85,22.4,22.75,22.25,23.4,24.0,24.5,22.15,23.1,23.6,24.0,22.900000000000002,22.45,20.4,20.95,22.5,22.4,22.05,21.3,21.8,23.1,24.1,23.25,23.35,24.3,22.65,23.85,23.35,24.0,22.2,23.6,22.6,23.6,24.9,21.7
22,Cả nước,23.7,23.25,22.85,22.5,23.5,24.0,22.95,23.05,22.450000000000003,23.75,23.8,23.75,22.6,23.1,23.25,22.75,24.15,24.75,25.25,22.549999999999997,25.8,24.45,25.55,22.95,22.450000000000003,20.85,21.35,22.85,22.6,22.2,22.05,22.55,23.75,23.75,23.25,23.3,25.55,26.1,24.85,23.6,25.6,26.05,24.5,23.25,27.05,25.7,22.1
22,Miền Bắc,24.25,23.65,23.25,22.85,23.9,24.35,23.35,23.55,22.6,24.25,24.5,24.4,23.15,23.65,24.0,23.25,24.7,25.25,25.75,23.0,26.200000000000003,24.65,25.8,23.1,22.6,21.3,21.799999999999997,23.4,22.9,22.5,22.7,23.15,23.85,23.700000000000003,23.35,23.3,25.9,26.55,25.0,23.9,25.95,26.35,24.65,23.8,27.35,25.9,22.5
22,Miền Nam,23.2,22.950000000000003,22.5,22.05,23.0,23.55,22.65,22.6,22.35,23.0,23.15,23.2,21.75,22.3,22.75,22.25,23.35,24.0,24.5,22.049999999999997,22.900000000000002,23.5,23.950000000000003,22.8,22.35,20.25,20.8,22.4,22.35,21.95,21.15,21.7,23.05,23.950000000000003,23.200000000000003,23.200000000000003,24.25,22.6,23.75,23.3,24.0,22.15,23.5,22.5,23.6,24.85,21.6
23,Cả nước,23.6,23.15,22.75,22.4,23.45,23.95,22.85,22.95,22.4,23.5,23.75,23.7,22.5,23.0,23.25,22.5,24.1,24.75,25.25,22.4,25.700000000000003,24.35,25.45,22.85,22.4,20.700000000000003,21.25,22.75,22.5,22.1,21.95,22.45,23.65,23.6,23.200000000000003,23.200000000000003,25.5,26.05,24.8,23.55,25.5,25.95,24.4,23.15,27.0,25.6,21.95
23,Miền Bắc,24.2,23.55,23.2,22.75,23.8,24.25,23.25,23.5,22.549999999999997,24.25,24.45,24.35,23.05,23.55,24.0,23.0,24.65,25.25,25.75,22.9,26.2,24.55,25.8,23.0,22.549999999999997,21.2,21.65,23.3,22.8,22.4,22.55,23.05,23.75,23.6,23.25,23.299999999999997,25.85,26.55,24.95,23.7,25.9,26.3,24.6,23.7,27.3,25.8,22.35
23,Miền Nam,23.15,22.85,22.4,21.95,22.95,23.5,22.6,22.5,22.25,22.75,23.05,23.1,21.65,22.2,22.5,22.0,23.25,23.75,24.42,21.900000000000002,22.599999999999998,23.5,23.9,22.75,22.25,20.15,20.7,22.3,22.25,21.85,21.05,21.6,23.0,23.85,23.15,23.1,24.2,22.35,23.6,23.3,23.95,22.15,23.45,22.4,23.25,24.8,21.5
24,Cả nước,23.5,23.05,22.7,22.3,23.35,23.85,22.8,22.9,22.299999999999997,23.5,23.65,23.6,22.35,22.9,23.0,22.5,24.0,24.5,25.0,22.299999999999997,25.65,24.25,25.35,22.75,22.299999999999997,20.6,21.1,22.65,22.4,22.0,21.8,22.3,23.55,23.549999999999997,23.15,23.1,25.35,26.0,24.7,23.5,25.45,25.9,24.3,23.05,26.9,25.55,21.85
24,Miền Bắc,24.1,23.45,23.1,22.65,23.7,24.2,23.15,23.45,22.45,24.0,24.4,24.3,22.95,23.45,23.75,23.0,24.55,25.0,25.5,22.75,26.150000000000002,24.5,25.75,22.9,22.45,21.05,21.549999999999997,23.2,22.75,22.3,22.45,22.9,23.650000000000002,23.549999999999997,23.2,23.200000000000003,25.8,26.5,24.9,23.65,25.8,26.3,24.5,23.6,27.3,25.7,22.25
24,Miền Nam,23.05,22.75,22.35,21.85,22.85,23.4,22.5,22.45,22.2,22.75,23.0,23.05,21.55,22.15,22.5,22.0,23.15,23.75,24.25,21.8,22.4,23.4,23.75,22.65,22.2,20.049999999999997,20.55,22.2,22.15,21.75,20.9,21.45,22.95,23.549999999999997,23.1,23.1,24.15,22.35,23.5,23.15,23.9,22.1,23.25,22.25,23.25,24.75,21.35
25,Cả nước,23.4,22.95,22.6,22.2,23.25,23.75,22.7,22.85,22.2,23.5,23.6,23.55,22.25,22.8,23.0,22.33,23.9,24.5,25.0,22.150000000000002,25.5,24.200000000000003,25.25,22.65,22.2,20.450000000000003,21.0,22.55,22.3,21.9,21.65,22.2,23.450000000000003,23.4,23.1,23.05,25.35,25.95,24.6,23.45,25.15,25.85,24.25,22.9,26.85,25.5,21.75
25,Miền Bắc,24.0,23.35,23.05,22.5,23.6,24.1,23.1,23.35,22.35,24.0,24.35,24.2,22.85,23.35,23.75,23.0,24.5,25.0,25.5,22.65,26.15,24.4,25.7,22.8,22.35,20.9,21.4,23.1,22.65,22.25,22.3,22.8,23.6,23.4,23.15,23.1,25.7,26.5,24.85,23.6,25.7,26.25,24.4,23.45,27.25,25.65,22.1
25,Miền Nam,22.95,22.65,22.25,21.75,22.75,23.3,22.4,22.4,22.1,22.75,22.9,22.95,21.45,22.05,22.5,22.0,23.1,23.75,24.25,21.7,22.2,23.35,23.55,22.549999999999997,22.1,19.9,20.45,22.15,22.05,21.65,20.8,21.35,22.75,23.45,23.05,22.950000000000003,24.05,22.2,23.4,23.15,23.8,22.05,23.2,22.15,23.15,24.65,21.25
26,Cả nước,23.35,22.85,22.55,22.1,23.15,23.7,22.6,22.75,22.1,23.25,23.55,23.45,22.15,22.7,23.0,22.25,23.85,24.5,25.0,22.05,25.45,24.15,25.15,22.55,22.1,20.35,20.85,22.45,22.2,21.8,21.55,22.1,23.4,23.35,23.049999999999997,22.950000000000003,25.3,25.9,24.5,23.4,25.1,25.8,24.15,22.8,26.75,25.4,21.6
26,Miền Bắc,23.95,23.25,22.95,22.4,23.55,24.0,23.0,23.3,22.25,23.75,24.3,24.15,22.75,23.25,23.75,22.75,24.4,25.0,25.5,22.5,26.1,24.3,25.65,22.75,22.25,20.799999999999997,21.299999999999997,23.0,22.55,22.15,22.2,22.7,23.5,23.35,23.049999999999997,23.049999999999997,25.6,26.35,24.75,23.55,25.6,26.25,24.3,23.35,27.25,25.6,22.0
26,Miền Nam,22.85,22.55,22.2,21.65,22.7,23.25,22.3,22.3,22.0,22.5,22.85,22.9,21.35,21.95,22.25,21.75,23.0,23.5,24.25,21.6,22.1,23.3,23.55,22.45,22.0,19.8,20.35,22.05,21.95,21.6,20.7,21.25,22.700000000000003,23.4,23.049999999999997,22.95,23.9,22.15,23.35,23.1,23.75,21.9,23.15,22.05,23.1,24.6,21.15
27,Cả nước,23.25,22.75,22.45,22.0,23.1,23.6,22.55,22.7,22.049999999999997,23.25,23.45,23.4,22.05,22.65,22.75,22.25,23.75,24.25,24.75,21.95,25.4,24.1,25.05,22.5,22.049999999999997,20.2,20.75,22.35,22.15,21.75,21.45,21.95,23.3,23.25,22.9,22.95,25.2,25.85,24.45,23.3,24.95,25.7,24.1,22.7,26.63,25.35,21.5
27,Miền Bắc,23.85,23.15,22.9,22.3,23.45,23.95,22.9,23.25,22.150000000000002,23.75,24.2,24.1,22.65,23.2,23.5,22.75,24.35,24.75,25.25,22.4,26.099999999999998,24.25,25.55,22.65,22.150000000000002,20.65,21.15,22.9,22.45,22.05,22.05,22.55,23.45,23.200000000000003,22.95,22.95,25.55,26.3,24.65,23.55,25.55,26.15,24.25,23.25,27.2,25.5,21.85
27,Miền Nam,22.75,22.450000000000003,22.1,21.55,22.6,23.15,22.25,22.25,21.9,22.5,22.8,22.85,21.3,21.85,22.25,21.75,22.95,23.5,24.0,21.5,22.05,23.200000000000003,23.35,22.35,21.9,19.65,20.25,21.95,21.9,21.5,20.6,21.15,22.6,23.35,22.95,22.95,23.9,22.05,23.3,23.1,23.7,21.85,23.05,21.95,23.05,24.55,21.05
28,Cả nước,23.15,22.65,22.4,21.9,23.0,23.55,22.45,22.65,21.95,23.0,23.4,23.3,21.95,22.55,22.75,22.25,23.65,24.25,24.75,21.8,25.3,24.049999999999997,25.0,22.4,21.95,20.1,20.65,22.25,22.05,21.65,21.3,21.85,23.200000000000003,23.15,22.85,22.9,25.15,25.8,24.35,23.3,24.9,25.6,23.95,22.6,26.55,25.3,21.4
28,Miền Bắc,23.75,23.05,22.85,22.2,23.35,23.85,22.85,23.2,22.1,23.75,24.15,24.0,22.55,23.1,23.5,22.75,24.25,24.75,25.25,22.299999999999997,26.049999999999997,24.2,25.549999999999997,22.55,22.1,20.549999999999997,21.05,22.8,22.4,21.95,21.95,22.45,23.35,23.15,22.8,22.9,25.5,26.3,24.6,23.4,25.45,26.1,24.2,23.15,27.15,25.45,21.75
28,Miền Nam,22.7,22.35,22.05,21.45,22.5,23.1,22.15,22.2,21.85,22.25,22.7,22.75,21.2,21.8,22.25,21.75,22.85,23.5,24.0,21.35,21.9,23.15,23.25,22.299999999999997,21.85,19.55,20.15,21.85,21.8,21.4,20.45,21.05,22.549999999999997,23.3,22.9,22.85,23.85,22.0,23.3,23.1,23.65,21.8,23.0,21.85,23.0,24.45,20.95
29,Cả nước,23.05,22.55,22.35,21.8,22.9,23.45,22.35,22.6,21.85,23.0,23.35,23.25,21.85,22.45,22.75,22.0,23.6,24.25,24.75,21.700000000000003,25.25,23.950000000000003,24.9,22.3,21.85,20.0,20.5,22.15,21.95,21.55,21.2,21.75,23.15,23.1,22.8,22.85,25.1,25.7,24.25,23.25,24.85,25.6,23.9,22.5,26.55,25.25,21.3
29,Miền Bắc,23.7,22.950000000000003,22.8,22.1,23.3,23.8,22.75,23.15,22.0,23.5,24.1,23.95,22.45,23.0,23.5,22.5,24.2,24.75,25.25,22.15,26.0,24.15,25.45,22.5,22.0,20.4,20.9,22.7,22.3,21.85,21.85,22.35,23.299999999999997,23.1,22.799999999999997,22.9,25.35,26.3,24.5,23.4,25.3,26.05,24.15,23.05,27.1,25.4,21.65
29,Miền Nam,22.6,22.299999999999997,21.95,21.35,22.45,23.0,22.05,22.1,21.75,22.25,22.65,22.7,21.1,21.7,22.0,21.5,22.8,23.25,24.0,21.25,21.8,23.0,23.2,22.2,21.75,19.45,20.049999999999997,21.75,21.7,21.35,20.35,20.95,22.45,23.15,22.85,22.75,23.75,21.8,23.25,23.0,23.55,21.75,22.95,21.8,23.0,24.35,20.85
30,Cả nước,23.0,22.5,22.25,21.7,22.85,23.35,22.3,22.5,21.75,23.0,23.25,23.18,21.8,22.35,22.5,22.0,23.5,24.0,24.5,21.6,25.2,23.85,24.799999999999997,22.25,21.75,19.85,20.4,22.1,21.9,21.5,21.1,21.65,23.05,23.049999999999997,22.799999999999997,22.799999999999997,25.05,25.6,24.2,23.15,24.8,25.45,23.8,22.4,26.45,25.15,21.2
30,Miền Bắc,23.6,22.9,22.7,22.0,23.2,23.7,22.65,23.05,21.9,23.5,24.05,23.9,22.35,22.9,23.25,22.5,24.1,24.75,25.25,22.05,25.95,24.1,25.35,22.4,21.9,20.3,20.8,22.65,22.25,21.8,21.7,22.25,23.200000000000003,23.049999999999997,22.75,22.9,25.35,26.25,24.45,23.35,25.15,26.05,24.05,22.95,27.1,25.35,21.549999999999997
30,Miền Nam,22.5,22.2,21.9,21.25,22.35,22.95,22.0,22.05,21.65,22.25,22.6,22.6,21.0,21.6,22.0,21.5,22.75,23.25,23.75,21.15,21.75,22.95,23.1,22.1,21.65,19.35,19.95,21.65,21.6,21.25,20.25,20.85,22.35,23.1,22.85,22.700000000000003,23.7,21.75,23.2,22.9,23.45,21.6,22.8,21.7,22.95,24.3,20.75
31,Cả nước,22.9,22.4,22.2,21.6,22.75,23.3,22.2,22.45,21.7,22.75,23.2,23.1,21.7,22.25,22.5,22.0,23.45,24.0,24.5,21.5,25.1,23.75,24.700000000000003,22.15,21.7,19.75,20.3,22.0,21.8,21.4,21.0,21.55,22.950000000000003,22.950000000000003,22.75,22.75,25.0,25.5,24.15,23.1,24.75,25.4,23.75,22.3,26.35,25.05,21.05
31,Miền Bắc,23.5,22.799999999999997,22.65,21.9,23.1,23.65,22.6,23.0,21.85,23.25,24.0,23.8,22.25,22.8,23.25,22.5,24.05,24.5,25.0,21.95,25.9,24.049999999999997,25.25,22.35,21.85,20.15,20.7,22.55,22.15,21.7,21.6,22.15,23.15,22.9,22.75,22.8,25.3,26.1,24.35,23.3,25.1,26.0,23.9,22.85,27.05,25.3,21.4
31,Miền Nam,22.45,22.1,21.85,21.2,22.25,22.85,21.9,22.0,21.6,22.0,22.5,22.55,20.9,21.55,22.0,21.5,22.65,23.25,23.75,21.05,21.55,22.85,23.0,22.0,21.6,19.25,19.85,21.6,21.55,21.15,20.15,20.75,22.3,23.0,22.85,22.65,23.65,21.75,23.15,22.8,23.4,21.55,22.7,21.6,22.85,24.25,20.65
32,Cả nước,22.8,22.3,22.1,21.5,22.65,23.2,22.1,22.4,21.6,22.75,23.1,23.05,21.6,22.15,22.5,21.75,23.35,24.0,24.5,21.4,25.049999999999997,23.7,24.6,22.1,21.6,19.65,20.2,21.9,21.7,21.3,20.85,21.45,22.85,22.9,22.7,22.700000000000003,24.95,25.4,24.05,23.1,24.7,25.3,23.65,22.2,26.3,25.0,20.95
32,Miền Bắc,23.45,22.7,22.6,21.8,23.05,23.55,22.5,22.95,21.75,23.25,23.95,23.75,22.15,22.75,23.25,22.25,23.95,24.5,25.0,21.8,25.9,23.950000000000003,25.2,22.25,21.75,20.05,20.6,22.45,22.05,21.6,21.5,22.05,23.049999999999997,22.85,22.7,22.75,25.2,26.1,24.25,23.25,24.95,25.95,23.85,22.75,27.05,25.2,21.3
32,Miền Nam,22.35,22.0,21.75,21.1,22.2,22.8,21.85,21.95,21.5,22.0,22.45,22.5,20.85,21.45,21.75,21.5,22.6,23.0,23.75,20.95,21.5,22.799999999999997,22.95,21.95,21.5,19.15,19.75,21.5,21.45,21.1,20.05,20.65,22.25,22.950000000000003,22.75,22.65,23.65,21.7,23.1,22.7,23.4,21.5,22.6,21.5,22.7,24.15,20.55
33,Cả nước,22.75,22.2,22.05,21.4,22.6,23.15,22.05,22.35,21.5,22.75,23.05,22.95,21.5,22.1,22.25,21.75,23.3,23.75,24.5,21.299999999999997,24.95,23.65,24.549999999999997,22.0,21.5,19.549999999999997,20.1,21.8,21.65,21.25,20.75,21.35,22.799999999999997,22.8,22.65,22.7,24.9,25.35,23.95,23.0,24.65,25.25,23.55,22.1,26.2,24.9,20.85
33,Miền Bắc,23.35,22.6,22.5,21.7,22.95,23.5,22.45,22.9,21.65,23.25,23.9,23.7,22.05,22.65,23.25,22.25,23.9,24.5,25.0,21.700000000000003,25.85,23.85,25.15,22.2,21.65,19.95,20.5,22.35,22.0,21.55,21.4,21.95,22.95,22.799999999999997,22.6,22.75,25.15,26.05,24.2,23.15,24.9,25.9,23.75,22.65,26.95,25.15,21.2
33,Miền Nam,22.25,21.9,21.7,21.0,22.1,22.7,21.75,21.85,21.4,22.0,22.4,22.4,20.75,21.35,21.75,21.25,22.5,23.0,23.75,20.85,21.4,22.75,22.9,21.85,21.4,19.049999999999997,19.65,21.4,21.35,21.0,19.95,20.55,22.2,22.950000000000003,22.700000000000003,22.6,23.55,21.65,23.05,22.55,23.4,21.4,22.55,21.4,22.65,24.05,20.45
34,Cả nước,22.65,22.1,22.0,21.3,22.5,23.05,21.95,22.25,21.45,22.5,23.0,22.9,21.4,22.0,22.25,21.75,23.2,23.75,24.25,21.2,24.8,23.55,24.45,21.9,21.45,19.4,20.0,21.75,21.55,21.15,20.65,21.25,22.700000000000003,22.7,22.6,22.6,24.9,25.3,23.9,22.95,24.55,25.2,23.5,22.05,26.15,24.85,20.8
34,Miền Bắc,23.3,22.5,22.45,21.6,22.9,23.4,22.35,22.85,21.6,23.0,23.8,23.65,21.95,22.55,23.0,22.25,23.8,24.25,24.75,21.6,25.799999999999997,23.75,25.049999999999997,22.1,21.6,19.8,20.35,22.3,21.9,21.45,21.3,21.85,22.85,22.65,22.5,22.700000000000003,25.1,26.0,24.15,23.1,24.85,25.9,23.7,22.55,26.9,25.05,21.1
34,Miền Nam,22.2,21.8,21.6,20.9,22.05,22.65,21.65,21.8,21.35,21.75,22.3,22.35,20.65,21.3,21.75,21.25,22.45,23.0,23.5,20.75,21.3,22.7,22.8,21.799999999999997,21.35,18.900000000000002,19.55,21.3,21.3,20.9,19.85,20.45,22.1,22.95,22.7,22.55,23.4,21.55,23.0,22.5,23.3,21.35,22.45,21.3,22.65,23.95,20.4
35,Cả nước,22.55,22.049999999999997,21.9,21.2,22.4,23.0,21.9,22.2,21.35,22.5,22.9,22.8,21.3,21.9,22.25,21.5,23.15,23.75,24.25,21.1,24.75,23.5,24.35,21.85,21.35,19.3,19.9,21.65,21.5,21.05,20.55,21.15,22.65,22.65,22.5,22.5,24.8,25.1,23.85,22.9,24.5,25.1,23.4,21.95,26.1,24.8,20.65
35,Miền Bắc,23.2,22.45,22.4,21.5,22.8,23.35,22.3,22.8,21.5,23.0,23.75,23.55,21.9,22.45,23.0,22.25,23.75,24.25,24.75,21.5,25.75,23.7,24.95,22.049999999999997,21.5,19.7,20.25,22.2,21.85,21.4,21.15,21.75,22.75,22.55,22.5,22.55,25.1,25.95,24.05,23.05,24.8,25.8,23.6,22.45,26.85,25.0,21.0
35,Miền Nam,22.1,21.75,21.55,20.85,21.95,22.6,21.6,21.75,21.25,21.75,22.25,22.3,20.6,21.2,21.5,21.25,22.35,23.0,23.5,20.65,21.25,22.6,22.8,21.7,21.25,18.8,19.45,21.25,21.2,20.85,19.75,20.35,22.05,22.799999999999997,22.65,22.5,23.4,21.35,22.9,22.45,23.25,21.2,22.35,21.25,22.55,23.9,20.3
36,Cả nước,22.45,21.95,21.85,21.1,22.35,22.9,21.8,22.15,21.299999999999997,22.25,22.85,22.75,21.2,21.8,22.0,21.5,23.05,23.5,24.25,21.0,24.6,23.45,24.3,21.75,21.299999999999997,19.2,19.8,21.55,21.4,21.0,20.45,21.05,22.549999999999997,22.55,22.4,22.4,24.7,24.95,23.75,22.8,24.45,25.0,23.35,21.85,26.05,24.75,20.6
36,Miền Bắc,23.1,22.35,22.35,21.4,22.7,23.25,22.2,22.7,21.400000000000002,23.0,23.7,23.5,21.8,22.4,23.0,22.0,23.65,24.25,24.75,21.4,25.65,23.65,24.85,21.95,21.400000000000002,19.6,20.15,22.1,21.75,21.3,21.05,21.65,22.7,22.5,22.3,22.4,25.05,25.9,23.95,23.0,24.75,25.8,23.5,22.4,26.8,24.9,20.9
36,Miền Nam,22.0,21.65,21.5,20.75,21.9,22.5,21.5,21.7,21.15,21.75,22.2,22.2,20.5,21.15,21.5,21.0,22.3,22.75,23.5,20.55,21.1,22.5,22.799999999999997,21.6,21.15,18.700000000000003,19.35,21.15,21.15,20.75,19.65,20.3,22.0,22.65,22.55,22.5,23.3,21.3,22.85,22.4,23.15,21.1,22.25,21.15,22.55,23.8,20.2
37,Cả nước,22.4,21.85,21.8,21.05,22.25,22.85,21.75,22.1,21.2,22.25,22.8,22.7,21.1,21.75,22.0,21.5,23.0,23.5,24.0,20.9,24.549999999999997,23.35,24.25,21.7,21.2,19.1,19.7,21.5,21.35,20.9,20.35,20.95,22.45,22.5,22.35,22.35,24.65,24.9,23.7,22.75,24.4,24.95,23.25,21.75,25.95,24.7,20.5
37,Miền Bắc,23.05,22.25,22.25,21.35,22.65,23.15,22.15,22.65,21.35,22.75,23.65,23.45,21.7,22.3,22.75,22.0,23.6,24.0,24.75,21.3,25.6,23.599999999999998,24.75,21.9,21.35,19.5,20.05,22.05,21.7,21.25,20.95,21.55,22.6,22.5,22.200000000000003,22.35,24.95,25.9,23.9,22.95,24.75,25.7,23.45,22.3,26.75,24.85,20.8
37,Miền Nam,21.95,21.55,21.4,20.65,21.8,22.45,21.45,21.65,21.1,21.5,22.1,22.15,20.4,21.05,21.5,21.0,22.25,22.75,23.25,20.450000000000003,21.049999999999997,22.5,22.6,21.549999999999997,21.1,18.6,19.25,21.05,21.05,20.7,19.55,20.2,21.95,22.6,22.450000000000003,22.35,23.3,21.3,22.85,22.35,23.1,21.1,22.2,21.05,22.5,23.7,20.1
38,Cả nước,22.3,21.75,21.7,20.95,22.2,22.75,21.65,22.05,21.1,22.25,22.7,22.6,21.05,21.65,22.0,21.25,22.9,23.5,24.0,20.799999999999997,24.35,23.3,24.150000000000002,21.6,21.1,19.0,19.6,21.4,21.25,20.85,20.25,20.85,22.35,22.45,22.25,22.25,24.55,24.8,23.6,22.65,24.3,24.8,23.2,21.65,25.9,24.65,20.4
38,Miền Bắc,22.95,22.15,22.2,21.25,22.55,23.1,22.05,22.6,21.25,22.75,23.6,23.35,21.6,22.2,22.75,22.0,23.5,24.0,24.5,21.2,25.5,23.549999999999997,24.6,21.8,21.25,19.4,19.95,21.95,21.6,21.15,20.85,21.45,22.5,22.4,22.15,22.25,24.95,25.85,23.85,22.85,24.7,25.65,23.4,22.2,26.65,24.8,20.7
38,Miền Nam,21.85,21.450000000000003,21.35,20.55,21.75,22.35,21.35,21.55,21.0,21.5,22.05,22.1,20.3,20.95,21.25,21.0,22.15,22.75,23.25,20.4,20.950000000000003,22.4,22.5,21.45,21.0,18.549999999999997,19.15,21.0,21.0,20.6,19.45,20.1,21.85,22.6,22.4,22.35,23.0,21.2,22.75,22.3,22.95,20.95,22.15,21.0,22.35,23.7,20.05
39,Cả nước,22.2,21.7,21.65,20.85,22.1,22.7,21.6,21.95,21.05,22.0,22.65,22.55,20.95,21.55,21.75,21.25,22.85,23.25,24.0,20.7,24.25,23.25,24.1,21.549999999999997,21.05,18.9,19.5,21.3,21.2,20.75,20.15,20.75,22.3,22.299999999999997,22.15,22.25,24.5,24.75,23.5,22.55,24.2,24.75,23.1,21.6,25.85,24.55,20.3
39,Miền Bắc,22.85,22.099999999999998,22.15,21.15,22.45,23.0,22.0,22.55,21.2,22.5,23.55,23.3,21.5,22.1,22.75,21.75,23.45,24.0,24.5,21.1,25.5,23.45,24.55,21.75,21.2,19.299999999999997,19.85,21.85,21.55,21.05,20.75,21.35,22.45,22.299999999999997,22.049999999999997,22.200000000000003,24.9,25.8,23.75,22.8,24.65,25.6,23.3,22.1,26.6,24.75,20.6
39,Miền Nam,21.75,21.4,21.25,20.5,21.65,22.3,21.3,21.5,20.95,21.5,22.0,22.0,20.25,20.9,21.25,20.75,22.1,22.5,23.25,20.299999999999997,20.95,22.35,22.45,21.35,20.95,18.45,19.099999999999998,20.9,20.9,20.55,19.35,20.0,21.8,22.549999999999997,22.35,22.35,23.0,21.15,22.65,22.2,22.65,20.9,22.1,20.9,22.3,23.55,19.95
40,Cả nước,22.15,21.6,21.55,20.75,22.0,22.6,21.5,21.9,20.95,22.0,22.6,22.5,20.85,21.5,21.75,21.25,22.75,23.25,24.0,20.6,24.2,23.15,24.0,21.45,20.95,18.8,19.4,21.25,21.1,20.7,20.05,20.65,22.200000000000003,22.25,22.0,22.2,24.4,24.7,23.45,22.5,24.05,24.65,23.0,21.5,25.7,24.5,20.2
40,Miền Bắc,22.8,22.0,22.1,21.05,22.4,22.95,21.9,22.5,21.1,22.5,23.5,23.25,21.4,22.0,22.5,21.75,23.35,23.92,24.5,21.0,25.400000000000002,23.4,24.549999999999997,21.65,21.1,19.15,19.75,21.8,21.45,21.0,20.65,21.25,22.35,22.2,22.0,22.15,24.9,25.75,23.7,22.75,24.55,25.6,23.25,22.05,26.55,24.7,20.5
40,Miền Nam,21.7,21.3,21.2,20.4,21.6,22.2,21.2,21.45,20.85,21.25,21.95,21.95,20.15,20.8,21.25,20.75,22.0,22.5,23.25,20.2,20.9,22.299999999999997,22.4,21.3,20.85,18.35,19.0,20.8,20.8,20.45,19.25,19.95,21.799999999999997,22.4,22.35,22.25,22.9,21.1,22.55,22.15,22.65,20.85,22.0,20.8,22.3,23.5,19.85
41,Cả nước,22.05,21.5,21.5,20.65,21.95,22.55,21.4,21.85,20.9,22.0,22.5,22.4,20.75,21.4,21.75,21.0,22.7,23.25,23.75,20.5,24.0,23.05,23.95,21.35,20.9,18.7,19.3,21.15,21.05,20.6,19.95,20.55,22.15,22.2,21.95,22.1,24.25,24.65,23.35,22.4,24.0,24.55,22.95,21.4,25.6,24.45,20.1
41,Miền Bắc,22.7,21.9,22.0,20.95,22.3,22.85,21.85,22.45,21.049999999999997,22.5,23.4,23.15,21.3,21.95,22.5,21.75,23.3,23.75,24.25,20.9,25.35,23.3,24.400000000000002,21.6,21.049999999999997,19.05,19.65,21.7,21.4,20.9,20.55,21.15,22.299999999999997,22.2,21.95,22.1,24.8,25.7,23.65,22.65,24.5,25.45,23.2,21.95,26.55,24.6,20.4
41,Miền Nam,21.6,21.2,21.15,20.3,21.5,22.15,21.15,21.4,20.75,21.25,21.85,21.85,20.05,20.75,21.0,20.75,21.95,22.5,23.0,20.1,20.85,22.200000000000003,22.3,21.2,20.75,18.25,18.9,20.75,20.75,20.37,19.2,19.85,21.75,22.299999999999997,22.299999999999997,22.25,22.85,21.05,22.45,22.15,22.65,20.85,21.95,20.75,22.1,23.4,19.75
42,Cả nước,21.95,21.4,21.45,20.6,21.85,22.45,21.35,21.8,20.8,21.75,22.45,22.35,20.65,21.3,21.5,21.0,22.6,23.25,23.75,20.4,23.9,23.0,23.85,21.3,20.8,18.6,19.2,21.05,20.95,20.5,19.85,20.5,22.1,22.15,21.95,22.05,24.2,24.55,23.3,22.3,23.9,24.5,22.8,21.3,25.5,24.35,20.0
42,Miền Bắc,22.65,21.8,21.95,20.85,22.2,22.8,21.75,22.4,20.95,22.25,23.35,23.1,21.2,21.85,22.5,21.5,23.2,23.75,24.25,20.799999999999997,25.3,23.25,24.35,21.5,20.95,18.95,19.55,21.6,21.3,20.85,20.45,21.05,22.2,22.15,21.95,22.049999999999997,24.75,25.65,23.55,22.55,24.5,25.4,23.1,21.85,26.45,24.55,20.3
42,Miền Nam,21.5,21.1,21.05,20.25,21.45,22.05,21.05,21.35,20.7,21.25,21.8,21.8,20.0,20.65,21.0,20.5,21.9,22.5,23.0,20.0,20.7,22.1,22.3,21.15,20.7,18.15,18.8,20.65,20.65,20.3,19.1,19.75,21.65,22.1,21.95,22.1,22.85,20.85,22.45,22.1,22.45,20.75,21.85,20.65,21.95,23.4,19.7
43,Cả nước,21.9,21.35,21.35,20.5,21.8,22.4,21.25,21.75,20.700000000000003,21.75,22.4,22.25,20.55,21.2,21.5,21.0,22.55,23.0,23.75,20.3,23.8,22.95,23.75,21.200000000000003,20.700000000000003,18.5,19.1,20.97,20.85,20.45,19.75,20.4,22.0,22.1,21.9,22.0,24.1,24.5,23.25,22.2,23.8,24.4,22.75,21.25,25.5,24.3,19.95
43,Miền Bắc,22.55,21.75,21.9,20.75,22.15,22.7,21.65,22.35,20.85,22.25,23.3,23.05,21.15,21.75,22.25,21.5,23.15,23.75,24.25,20.7,25.25,23.15,24.3,21.45,20.85,18.85,19.45,21.55,21.25,20.75,20.35,20.95,22.15,22.1,21.85,22.0,24.7,25.6,23.45,22.5,24.4,25.35,23.0,21.75,26.35,24.45,20.2
43,Miền Nam,21.45,21.049999999999997,21.0,20.15,21.35,22.0,21.0,21.3,20.6,21.0,21.75,21.75,19.9,20.6,21.0,20.5,21.8,22.25,23.0,19.9,20.6,22.049999999999997,22.05,21.05,20.6,18.05,18.700000000000003,20.6,20.6,20.2,19.0,19.65,21.55,22.1,21.9,22.05,22.45,20.85,22.35,22.1,22.35,20.65,21.8,20.55,21.95,23.3,19.6
44,Cả nước,21.8,21.25,21.3,20.4,21.7,22.3,21.2,21.65,20.65,21.75,22.3,22.2,20.45,21.15,21.5,20.75,22.45,23.0,23.5,20.2,23.75,22.85,23.65,21.15,20.65,18.4,19.0,20.9,20.8,20.35,19.65,20.3,21.95,22.049999999999997,21.799999999999997,21.950000000000003,24.05,24.5,23.15,22.15,23.8,24.35,22.65,21.15,25.45,24.2,19.85
44,Miền Bắc,22.45,21.65,21.8,20.65,22.05,22.65,21.6,22.3,20.8,22.25,23.25,22.95,21.05,21.65,22.25,21.5,23.05,23.5,24.25,20.6,25.200000000000003,23.1,24.2,21.35,20.8,18.75,19.35,21.45,21.2,20.7,20.25,20.9,22.05,22.049999999999997,21.799999999999997,21.95,24.65,25.5,23.4,22.45,24.3,25.3,22.9,21.7,26.3,24.4,20.15
44,Miền Nam,21.35,20.95,20.9,20.05,21.25,21.95,20.9,21.2,20.549999999999997,21.0,21.65,21.65,19.85,20.5,20.75,20.5,21.75,22.25,23.0,19.8,20.55,21.95,22.05,20.950000000000003,20.549999999999997,17.950000000000003,18.65,20.5,20.5,20.15,18.9,19.6,21.5,22.1,21.85,22.05,22.4,20.65,22.25,21.95,22.3,20.6,21.7,20.5,21.85,23.2,19.5
45,Cả nước,21.7,21.15,21.25,20.3,21.65,22.25,21.1,21.6,20.55,21.5,22.25,22.15,20.4,21.05,21.25,20.75,22.4,23.0,23.5,20.1,23.7,22.75,23.55,21.05,20.55,18.3,18.95,20.8,20.7,20.3,19.55,20.2,21.85,22.0,21.75,21.9,24.0,24.4,23.1,22.1,23.7,24.3,22.55,21.05,25.3,24.15,19.75
45,Miền Bắc,22.35,21.599999999999998,21.75,20.55,22.0,22.55,21.5,22.25,20.700000000000003,22.0,23.2,22.9,20.95,21.55,22.25,21.5,23.0,23.5,24.0,20.5,25.2,23.0,24.15,21.3,20.700000000000003,18.65,19.25,21.4,21.1,20.6,20.15,20.8,22.0,22.0,21.75,21.8,24.55,25.45,23.3,22.25,24.2,25.25,22.8,21.6,26.3,24.35,20.05
45,Miền Nam,21.25,20.85,20.85,19.95,21.2,21.85,20.85,21.15,20.45,21.0,21.6,21.6,19.75,20.4,20.75,20.5,21.65,22.25,22.75,19.700000000000003,20.45,21.9,21.950000000000003,20.9,20.45,17.85,18.55,20.4,20.45,20.05,18.85,19.5,21.4,22.05,21.85,22.0,22.35,20.65,22.2,21.95,22.25,20.45,21.65,20.4,21.7,23.1,19.45
46,Cả nước,21.65,21.1,21.15,20.2,21.55,22.15,21.05,21.55,20.5,21.5,22.2,22.05,20.3,20.95,21.25,20.75,22.3,22.75,23.5,20.0,23.549999999999997,22.7,23.450000000000003,21.0,20.5,18.2,18.85,20.75,20.65,20.2,19.45,20.1,21.799999999999997,21.95,21.7,21.8,23.9,24.25,23.05,22.1,23.6,24.2,22.5,21.0,25.25,24.05,19.65
46,Miền Bắc,22.3,21.5,21.7,20.5,21.9,22.5,21.45,22.2,20.65,22.0,23.1,22.85,20.85,21.5,22.0,21.25,22.9,23.5,24.0,20.4,25.1,22.95,24.1,21.200000000000003,20.65,18.55,19.15,21.3,21.05,20.55,20.1,20.7,21.9,21.95,21.65,21.8,24.5,25.4,23.25,22.15,24.1,25.25,22.7,21.5,26.2,24.25,19.95
46,Miền Nam,21.2,20.75,20.8,19.9,21.1,21.8,20.75,21.1,20.4,20.75,21.55,21.55,19.65,20.35,20.75,20.25,21.6,22.0,22.75,19.65,20.35,21.75,21.9,20.8,20.4,17.799999999999997,18.45,20.35,20.35,20.0,18.75,19.4,21.3,21.85,21.75,21.9,22.25,20.6,22.15,21.8,22.25,20.35,21.6,20.35,21.7,23.0,19.35
47,Cả nước,21.55,21.0,21.1,20.1,21.45,22.1,20.95,21.5,20.4,21.5,22.1,22.0,20.2,20.85,21.25,20.75,22.2,22.75,23.5,19.9,23.4,22.6,23.35,20.9,20.4,18.1,18.75,20.65,20.55,20.15,19.4,20.05,21.7,21.85,21.65,21.7,23.8,24.1,22.95,21.95,23.5,24.05,22.4,20.9,25.1,23.95,19.6
47,Miền Bắc,22.2,21.4,21.65,20.4,21.8,22.4,21.35,22.1,20.55,22.0,23.05,22.75,20.75,21.4,22.0,21.25,22.85,23.25,24.0,20.3,25.05,22.85,24.05,21.15,20.55,18.45,19.05,21.2,20.95,20.45,20.0,20.6,21.8,21.95,21.65,21.7,24.3,25.3,23.15,22.1,24.0,25.15,22.65,21.45,26.15,24.2,19.85
47,Miền Nam,21.1,20.7,20.7,19.8,21.05,21.7,20.7,21.05,20.3,20.75,21.45,21.5,19.6,20.25,20.75,20.25,21.55,22.0,22.75,19.55,20.15,21.6,21.75,20.75,20.3,17.7,18.35,20.25,20.3,19.9,18.65,19.35,21.2,21.85,21.700000000000003,21.85,22.2,20.4,22.1,21.75,22.1,20.15,21.55,20.25,21.6,22.95,19.25
48,Cả nước,21.45,20.9,21.0,20.05,21.4,22.0,20.9,21.45,20.35,21.25,22.05,21.9,20.1,20.8,21.0,20.5,22.15,22.75,23.25,19.8,23.3,22.549999999999997,23.25,20.85,20.35,18.0,18.65,20.55,20.5,20.05,19.3,19.95,21.65,21.85,21.6,21.65,23.75,24.05,22.85,21.95,23.4,23.95,22.3,20.8,24.95,23.9,19.5
48,Miền Bắc,22.1,21.35,21.55,20.3,21.75,22.35,21.3,22.05,20.5,21.75,23.0,22.7,20.65,21.3,22.0,21.25,22.75,23.25,24.0,20.2,25.049999999999997,22.799999999999997,23.95,21.099999999999998,20.5,18.35,18.95,21.15,20.9,20.4,19.9,20.5,21.700000000000003,21.85,21.6,21.7,24.2,25.25,23.1,22.1,23.9,25.1,22.55,21.35,26.1,24.1,19.75
48,Miền Nam,21.0,20.6,20.65,19.7,20.95,21.65,20.6,21.0,20.2,20.75,21.4,21.4,19.5,20.2,20.5,20.25,21.45,22.0,22.75,19.45,20.1,21.55,21.7,20.65,20.2,17.6,18.299999999999997,20.15,20.2,19.85,18.55,19.25,21.1,21.8,21.7,21.65,22.15,20.4,22.0,21.65,21.8,20.1,21.45,20.15,21.6,22.85,19.2
49,Cả nước,21.35,20.8,20.95,19.95,21.3,21.95,20.8,21.4,20.25,21.25,22.0,21.85,20.0,20.7,21.0,20.5,22.05,22.5,23.25,19.700000000000003,23.2,22.5,23.15,20.75,20.25,17.9,18.55,20.5,20.4,20.0,19.2,19.85,21.55,21.8,21.6,21.6,23.7,23.95,22.8,21.85,23.4,23.85,22.25,20.7,24.85,23.8,19.4
49,Miền Bắc,22.05,21.25,21.5,20.2,21.65,22.25,21.2,22.0,20.4,21.75,22.95,22.65,20.55,21.2,21.75,21.0,22.7,23.25,23.75,20.1,24.9,22.7,23.85,21.0,20.4,18.25,18.85,21.05,20.8,20.3,19.8,20.45,21.65,21.849999999999998,21.6,21.65,24.15,25.1,23.0,22.05,23.8,25.05,22.45,21.25,26.05,24.05,19.65
49,Miền Nam,20.9,20.5,20.55,19.65,20.9,21.55,20.55,20.9,20.15,20.5,21.35,21.35,19.4,20.1,20.5,20.0,21.4,21.75,22.5,19.35,20.0,21.5,21.65,20.55,20.15,17.5,18.2,20.1,20.15,19.75,18.45,19.15,21.05,21.75,21.65,21.6,21.95,20.35,21.9,21.6,21.75,20.05,21.35,20.1,21.4,22.8,19.1
50,Cả nước,21.3,20.75,20.9,19.85,21.25,21.85,20.75,21.3,20.2,21.25,21.9,21.8,19.9,20.6,21.0,20.5,22.0,22.5,23.25,19.6,23.049999999999997,22.4,23.049999999999997,20.7,20.2,17.8,18.45,20.4,20.35,19.9,19.1,19.75,21.5,21.75,21.549999999999997,21.55,23.6,23.85,22.7,21.8,23.35,23.75,22.15,20.65,24.75,23.75,19.3
50,Miền Bắc,21.95,21.15,21.45,20.1,21.55,22.2,21.15,21.95,20.35,21.75,22.85,22.55,20.45,21.1,21.75,21.0,22.6,23.25,23.75,20.0,24.799999999999997,22.6,23.799999999999997,20.95,20.35,18.15,18.75,20.95,20.75,20.25,19.7,20.35,21.55,21.75,21.549999999999997,21.5,24.1,24.95,22.95,21.95,23.8,25.0,22.4,21.15,26.05,23.95,19.55
50,Miền Nam,20.85,20.4,20.5,19.55,20.8,21.5,20.45,20.85,20.05,20.5,21.25,21.25,19.3,20.05,20.5,20.0,21.3,21.75,22.5,19.25,19.9,21.4,21.6,20.5,20.05,17.4,18.1,20.0,20.05,19.7,18.4,19.1,20.95,21.75,21.6,21.55,21.85,20.3,21.85,21.5,21.65,19.85,21.2,20.0,21.35,22.75,19.0
51,Cả nước,21.2,20.65,20.8,19.75,21.15,21.8,20.65,21.25,20.1,21.0,21.85,21.7,19.85,20.5,20.75,20.25,21.9,22.5,23.0,19.549999999999997,22.9,22.299999999999997,22.95,20.6,20.1,17.7,18.35,20.3,20.25,19.85,19.0,19.7,21.4,21.65,21.5,21.5,23.55,23.75,22.65,21.75,23.15,23.6,22.1,20.55,24.7,23.65,19.2
51,Miền Bắc,21.85,21.1,21.35,20.0,21.5,22.1,21.05,21.9,20.25,21.5,22.8,22.5,20.35,21.0,21.75,21.0,22.5,23.0,23.75,19.9,24.75,22.549999999999997,23.65,20.85,20.25,18.05,18.65,20.9,20.65,20.15,19.6,20.25,21.5,21.700000000000003,21.450000000000003,21.5,24.05,24.9,22.85,21.85,23.7,24.95,22.3,21.1,25.95,23.9,19.5
51,Miền Nam,20.75,20.35,20.4,19.45,20.75,21.4,20.4,20.8,20.0,20.5,21.2,21.2,19.25,19.95,20.25,20.0,21.25,21.75,22.5,19.2,19.85,21.3,21.55,20.4,20.0,17.3,18.0,19.9,19.95,19.6,18.3,19.0,20.75,21.65,21.549999999999997,21.55,21.85,20.15,21.8,21.4,21.65,19.85,21.15,19.95,21.25,22.65,18.95
52,Cả nước,21.1,20.55,20.75,19.65,21.05,21.7,20.55,21.2,20.0,21.0,21.75,21.65,19.75,20.4,20.75,20.25,21.85,22.25,23.0,19.45,22.799999999999997,22.2,22.85,20.549999999999997,20.0,17.6,18.299999999999997,20.25,20.2,19.75,18.9,19.6,21.3,21.6,21.35,21.45,23.45,23.55,22.55,21.7,23.1,23.45,22.0,20.45,24.55,23.6,19.15
52,Miền Bắc,21.75,21.0,21.3,19.9,21.4,22.05,20.95,21.85,20.2,21.5,22.75,22.4,20.25,20.9,21.5,20.75,22.45,23.0,23.5,19.8,24.65,22.45,23.599999999999998,20.799999999999997,20.2,17.95,18.55,20.8,20.6,20.1,19.5,20.15,21.4,21.65,21.35,21.45,23.95,24.8,22.75,21.85,23.55,24.8,22.2,21.0,25.9,23.8,19.4
52,Miền Nam,20.65,20.25,20.35,19.4,20.65,21.35,20.3,20.75,19.9,20.25,21.1,21.15,19.15,19.85,20.25,20.0,21.15,21.75,22.25,19.1,19.75,21.1,21.4,20.3,19.9,17.25,17.95,19.85,19.9,19.55,18.2,18.95,20.65,21.6,21.5,21.549999999999997,21.7,20.0,21.7,21.4,21.65,19.85,21.05,19.85,21.05,22.6,18.85
53,Cả nước,21.0,20.450000000000003,20.65,19.55,21.0,21.65,20.5,21.15,19.95,21.0,21.7,21.55,19.65,20.35,20.75,20.25,21.75,22.25,23.0,19.35,22.65,22.1,22.799999999999997,20.45,19.95,17.5,18.2,20.15,20.1,19.7,18.8,19.5,21.2,21.55,21.299999999999997,21.4,23.35,23.5,22.45,21.6,23.0,23.25,21.9,20.4,24.5,23.5,19.05
53,Miền Bắc,21.7,20.9,21.2,19.8,21.35,21.95,20.9,21.8,20.1,21.5,22.65,22.35,20.15,20.8,21.5,20.75,22.35,23.0,23.5,19.7,24.55,22.4,23.5,20.700000000000003,20.1,17.85,18.5,20.7,20.5,20.0,19.4,20.05,21.3,21.6,21.299999999999997,21.4,23.8,24.8,22.7,21.75,23.45,24.75,22.15,20.9,25.9,23.7,19.3
53,Miền Nam,20.6,20.15,20.25,19.3,20.6,21.3,20.2,20.7,19.85,20.25,21.05,21.05,19.05,19.8,20.25,19.75,21.1,21.5,22.25,19.0,19.7,21.05,21.3,20.25,19.85,17.15,17.85,19.75,19.8,19.45,18.15,18.85,20.4,21.55,21.35,21.45,21.6,19.9,21.65,21.3,21.45,19.8,21.0,19.8,21.0,22.6,18.75
54,Cả nước,20.95,20.4,20.6,19.5,20.9,21.55,20.4,21.1,19.85,20.75,21.6,21.5,19.55,20.25,20.5,20.0,21.7,22.25,22.92,19.25,22.55,22.0,22.7,20.35,19.85,17.4,18.1,20.05,20.05,19.6,18.75,19.4,21.1,21.5,21.25,21.35,23.25,23.4,22.4,21.55,22.9,23.05,21.85,20.3,24.35,23.4,18.95
54,Miền Bắc,21.6,20.849999999999998,21.15,19.7,21.25,21.85,20.8,21.75,20.049999999999997,21.25,22.6,22.3,20.05,20.75,21.5,20.75,22.3,22.75,23.5,19.6,24.5,22.25,23.400000000000002,20.65,20.049999999999997,17.75,18.4,20.65,20.45,19.9,19.3,19.95,21.25,21.549999999999997,21.25,21.35,23.75,24.75,22.6,21.7,23.4,24.75,22.05,20.85,25.85,23.65,19.2
54,Miền Nam,20.5,20.05,20.2,19.2,20.5,21.2,20.15,20.65,19.75,20.25,21.0,21.0,19.0,19.7,20.0,19.75,21.05,21.5,22.25,18.9,19.6,20.9,21.25,20.15,19.75,17.05,17.75,19.65,19.75,19.4,18.05,18.75,20.3,21.5,21.25,21.4,21.55,19.65,21.6,21.3,21.4,19.65,20.95,19.7,20.75,22.45,18.7
55,Cả nước,20.85,20.3,20.5,19.4,20.8,21.5,20.35,21.0,19.8,20.75,21.55,21.4,19.45,20.15,20.5,20.0,21.6,22.25,22.75,19.15,22.4,21.9,22.6,20.3,19.8,17.3,18.0,20.0,19.95,19.55,18.65,19.35,21.05,21.45,21.2,21.25,23.2,23.35,22.3,21.5,22.8,23.05,21.7,20.2,24.15,23.35,18.85
55,Miền Bắc,21.5,20.75,21.1,19.6,21.15,21.8,20.75,21.65,19.95,21.25,22.55,22.2,19.95,20.65,21.25,20.5,22.2,22.75,23.25,19.5,24.4,22.15,23.299999999999997,20.55,19.95,17.65,18.3,20.55,20.35,19.85,19.2,19.9,21.15,21.5,21.25,21.299999999999997,23.7,24.7,22.55,21.65,23.35,24.65,21.95,20.75,25.75,23.55,19.1
55,Miền Nam,20.4,20.0,20.1,19.1,20.4,21.1,20.05,20.55,19.65,20.0,20.9,20.9,18.9,19.6,20.0,19.75,20.95,21.5,22.25,18.8,19.549999999999997,20.8,21.15,20.1,19.65,16.95,17.65,19.6,19.65,19.3,17.95,18.7,20.25,21.45,21.15,21.15,21.4,19.6,21.55,21.2,21.35,19.65,20.9,19.65,20.7,22.4,18.6
56,Cả nước,20.75,20.2,20.45,19.3,20.75,21.4,20.25,20.95,19.7,20.5,21.45,21.35,19.35,20.05,20.5,20.0,21.5,22.0,22.75,19.05,22.3,21.8,22.5,20.2,19.7,17.200000000000003,17.9,19.9,19.9,19.45,18.55,19.25,21.0,21.4,21.05,21.15,23.05,23.1,22.2,21.4,22.75,22.95,21.65,20.15,24.05,23.25,18.8
56,Miền Bắc,21.4,20.65,21.0,19.5,21.05,21.7,20.65,21.6,19.85,21.0,22.45,22.15,19.85,20.55,21.25,20.5,22.1,22.75,23.25,19.4,24.35,22.05,23.2,20.5,19.85,17.55,18.2,20.45,20.3,19.75,19.15,19.8,21.1,21.45,21.05,21.2,23.6,24.65,22.45,21.6,23.3,24.55,21.85,20.65,25.65,23.5,19.0
56,Miền Nam,20.3,19.9,20.05,19.05,20.35,21.05,20.0,20.5,19.6,20.0,20.85,20.85,18.8,19.55,20.0,19.5,20.9,21.25,22.0,18.700000000000003,19.45,20.75,21.1,20.0,19.6,16.85,17.6,19.5,19.6,19.25,17.85,18.6,20.2,21.4,21.1,21.05,21.3,19.5,21.45,21.2,21.25,19.5,20.8,19.55,20.6,22.3,18.5
57,Cả nước,20.65,20.1,20.35,19.2,20.65,21.3,20.15,20.9,19.65,20.5,21.4,21.3,19.25,19.95,20.25,20.0,21.45,22.0,22.75,18.95,22.15,21.7,22.4,20.15,19.65,17.1,17.8,19.8,19.8,19.35,18.45,19.15,20.9,21.299999999999997,21.0,21.05,22.95,22.95,22.15,21.4,22.65,22.9,21.55,20.05,23.9,23.15,18.7
57,Miền Bắc,21.3,20.55,20.95,19.4,21.0,21.6,20.55,21.55,19.8,21.0,22.4,22.05,19.75,20.45,21.25,20.5,22.05,22.5,23.25,19.3,24.2,21.95,23.049999999999997,20.4,19.8,17.45,18.1,20.4,20.25,19.7,19.05,19.7,21.0,21.3,21.05,21.15,23.55,24.6,22.35,21.55,23.05,24.55,21.8,20.55,25.6,23.4,18.95
57,Miền Nam,20.2,19.8,19.95,18.95,20.25,20.95,19.9,20.45,19.5,20.0,20.75,20.8,18.75,19.45,19.75,19.5,20.8,21.25,22.0,18.6,19.35,20.7,21.05,19.9,19.5,16.75,17.5,19.4,19.5,19.15,17.8,18.5,20.05,21.299999999999997,21.049999999999997,20.9,21.3,19.4,21.4,21.2,21.05,19.5,20.75,19.45,20.45,22.25,18.45
58,Cả nước,20.55,20.049999999999997,20.3,19.1,20.55,21.25,20.1,20.85,19.55,20.5,21.3,21.2,19.15,19.85,20.25,19.75,21.35,22.0,22.5,18.85,22.05,21.6,22.3,20.05,19.55,17.0,17.7,19.75,19.75,19.3,18.35,19.05,20.75,21.200000000000003,20.950000000000003,20.950000000000003,22.85,22.85,22.05,21.3,22.5,22.75,21.45,20.0,23.8,23.1,18.6
58,Miền Bắc,21.25,20.5,20.85,19.3,20.9,21.55,20.5,21.5,19.700000000000003,21.0,22.35,22.0,19.65,20.35,21.0,20.5,21.95,22.5,23.25,19.2,24.15,21.85,22.95,20.35,19.700000000000003,17.35,18.0,20.3,20.15,19.6,18.95,19.6,20.95,21.200000000000003,21.0,21.049999999999997,23.45,24.55,22.25,21.45,23.05,24.45,21.65,20.5,25.5,23.3,18.85
58,Miền Nam,20.1,19.7,19.9,18.85,20.15,20.9,19.85,20.4,19.4,19.75,20.7,20.7,18.65,19.35,19.75,19.5,20.7,21.25,22.0,18.549999999999997,19.2,20.65,21.0,19.85,19.4,16.7,17.4,19.35,19.4,19.05,17.7,18.45,20.0,21.200000000000003,20.95,20.9,21.25,19.35,21.3,21.1,21.0,19.3,20.7,19.4,20.4,22.1,18.35
59,Cả nước,20.45,19.95,20.2,19.0,20.5,21.15,20.0,20.8,19.45,20.25,21.25,21.15,19.05,19.8,20.25,19.75,21.25,21.75,22.5,18.75,21.9,21.5,22.2,19.950000000000003,19.45,16.95,17.6,19.65,19.65,19.2,18.25,18.95,20.7,21.2,20.9,20.9,22.8,22.75,21.95,21.25,22.35,22.6,21.35,19.9,23.65,23.0,18.5
59,Miền Bắc,21.15,20.4,20.8,19.2,20.8,21.45,20.4,21.45,19.65,20.75,22.25,21.9,19.55,20.25,21.0,20.25,21.85,22.5,23.0,19.1,24.0,21.75,22.8,20.25,19.65,17.200000000000003,17.9,20.2,20.1,19.55,18.85,19.5,20.85,21.2,20.95,21.0,23.35,24.5,22.2,21.4,22.95,24.4,21.55,20.4,25.5,23.25,18.75
59,Miền Nam,20.05,19.6,19.8,18.75,20.1,20.8,19.75,20.3,19.35,19.75,20.6,20.65,18.55,19.3,19.75,19.25,20.65,21.0,21.75,18.45,19.15,20.6,20.950000000000003,19.75,19.35,16.6,17.3,19.25,19.35,19.0,17.6,18.35,19.95,21.2,20.700000000000003,20.8,21.0,19.3,21.2,21.05,20.7,19.15,20.6,19.3,20.4,22.05,18.25
60,Cả nước,20.35,19.85,20.1,18.9,20.4,21.05,19.9,20.7,19.4,20.25,21.15,21.05,18.95,19.7,20.0,19.75,21.2,21.75,22.5,18.65,21.8,21.4,22.05,19.9,19.4,16.849999999999998,17.5,19.55,19.55,19.15,18.2,18.9,20.55,21.1,20.799999999999997,20.799999999999997,22.65,22.65,21.85,21.25,22.25,22.5,21.3,19.8,23.6,22.9,18.4
60,Miền Bắc,21.05,20.3,20.7,19.1,20.7,21.35,20.3,21.4,19.55,20.75,22.2,21.85,19.45,20.15,21.0,20.25,21.8,22.25,23.0,19.0,23.9,21.65,22.75,20.2,19.55,17.1,17.8,20.15,20.0,19.45,18.75,19.45,20.75,21.1,20.9,20.9,23.25,24.5,22.1,21.4,22.85,24.35,21.45,20.3,25.45,23.15,18.65
60,Miền Nam,19.95,19.5,19.7,18.65,20.0,20.75,19.65,20.25,19.25,19.75,20.55,20.55,18.45,19.2,19.5,19.25,20.55,21.0,21.75,18.35,19.0,20.450000000000003,20.65,19.65,19.25,16.5,17.25,19.15,19.25,18.9,17.5,18.25,19.9,21.15,20.65,20.65,20.95,19.25,21.1,21.05,20.7,19.0,20.45,19.25,20.35,21.95,18.15
61,Cả nước,20.3,19.75,20.05,18.8,20.3,21.0,19.85,20.65,19.3,20.25,21.1,21.0,18.85,19.6,20.0,19.5,21.1,21.75,22.25,18.55,21.75,21.3,21.95,19.8,19.3,16.75,17.45,19.45,19.5,19.05,18.1,18.8,20.45,21.0,20.7,20.65,22.5,22.5,21.8,21.2,22.2,22.3,21.15,19.7,23.6,22.85,18.35
61,Miền Bắc,20.95,20.200000000000003,20.65,19.0,20.65,21.3,20.25,21.35,19.5,20.75,22.1,21.75,19.3,20.0,20.75,20.25,21.7,22.25,23.0,18.9,23.85,21.55,22.650000000000002,20.1,19.5,17.0,17.7,20.05,19.95,19.35,18.65,19.35,20.65,21.0,20.799999999999997,20.7,23.15,24.5,22.0,21.35,22.75,24.35,21.4,20.2,25.45,23.1,18.55
61,Miền Nam,19.85,19.45,19.65,18.6,19.9,20.65,19.6,20.2,19.2,19.5,20.45,20.5,18.35,19.1,19.5,19.25,20.5,21.0,21.75,18.25,18.85,20.4,20.6,19.55,19.2,16.4,17.15,19.1,19.2,18.85,17.45,18.2,19.85,21.049999999999997,20.6,20.6,20.8,19.25,21.05,20.85,20.7,18.75,20.35,19.15,20.25,21.85,18.1
62,Cả nước,20.2,19.65,19.95,18.7,20.2,20.9,19.75,20.6,19.200000000000003,20.0,21.0,20.9,18.75,19.5,20.0,19.5,21.0,21.5,22.25,18.45,21.5,21.2,21.75,19.700000000000003,19.200000000000003,16.6,17.35,19.4,19.4,18.95,18.0,18.7,20.35,20.95,20.65,20.6,22.45,22.4,21.7,21.2,22.05,22.2,21.1,19.65,23.45,22.7,18.25
62,Miền Bắc,20.85,20.15,20.55,18.9,20.55,21.2,20.15,21.25,19.4,20.5,22.05,21.7,19.2,19.9,20.75,20.0,21.6,22.25,22.75,18.8,23.75,21.45,22.5,20.049999999999997,19.4,16.9,17.6,19.95,19.85,19.3,18.55,19.25,20.55,20.95,20.7,20.65,23.05,24.4,21.9,21.25,22.75,24.25,21.3,20.15,25.4,23.0,18.45
62,Miền Nam,19.75,19.35,19.55,18.5,19.85,20.6,19.5,20.15,19.1,19.5,20.4,20.4,18.3,19.05,19.5,19.0,20.4,21.0,21.75,18.15,18.7,20.3,20.4,19.5,19.1,16.3,17.05,19.0,19.1,18.75,17.35,18.1,19.75,20.950000000000003,20.55,20.6,20.75,19.2,20.9,20.75,20.45,18.7,20.25,19.05,20.2,21.75,18.0
63,Cả nước,20.1,19.55,19.85,18.6,20.1,20.8,19.65,20.5,19.15,20.0,20.9,20.8,18.65,19.4,19.75,19.5,20.95,21.5,22.25,18.35,21.4,21.05,21.7,19.65,19.15,16.549999999999997,17.25,19.3,19.35,18.9,17.9,18.6,20.25,20.85,20.55,20.6,22.35,22.35,21.6,21.1,22.0,22.1,20.95,19.55,23.25,22.65,18.15
63,Miền Bắc,20.75,20.05,20.5,18.8,20.45,21.1,20.05,21.2,19.3,20.5,21.95,21.6,19.1,19.8,20.5,20.0,21.5,22.0,22.75,18.7,23.7,21.35,22.45,19.95,19.3,16.8,17.5,19.9,19.75,19.2,18.45,19.15,20.45,20.9,20.7,20.6,22.95,24.4,21.85,21.25,22.55,24.2,21.25,20.05,25.25,22.9,18.35
63,Miền Nam,19.65,19.25,19.45,18.4,19.75,20.5,19.4,20.05,19.0,19.5,20.3,20.35,18.2,18.95,19.25,19.0,20.35,20.75,21.5,18.05,18.65,20.25,20.4,19.4,19.0,16.2,16.95,18.9,19.0,18.65,17.25,18.0,19.7,20.85,20.4,20.55,20.55,19.0,20.75,20.7,20.4,18.65,20.15,19.0,20.05,21.65,17.9
64,Cả nước,20.0,19.45,19.8,18.5,20.05,20.75,19.6,20.45,19.05,20.0,20.85,20.75,18.55,19.3,19.75,19.25,20.85,21.5,22.0,18.25,21.25,20.950000000000003,21.6,19.55,19.05,16.400000000000002,17.15,19.2,19.25,18.8,17.8,18.5,20.2,20.8,20.45,20.549999999999997,22.25,22.2,21.5,21.05,21.85,22.0,20.85,19.45,23.15,22.55,18.05
64,Miền Bắc,20.65,19.95,20.4,18.7,20.35,21.0,19.95,21.15,19.25,20.25,21.9,21.55,19.0,19.7,20.5,20.0,21.4,22.0,22.75,18.6,23.6,21.25,22.35,19.85,19.25,16.7,17.4,19.8,19.7,19.15,18.35,19.05,20.35,20.85,20.5,20.6,22.85,24.25,21.75,21.2,22.4,24.1,21.1,19.95,25.25,22.8,18.25
64,Miền Nam,19.55,19.15,19.4,18.3,19.65,20.4,19.35,20.0,18.9,19.25,20.2,20.25,18.1,18.85,19.25,19.0,20.25,20.75,21.5,17.95,18.55,20.1,20.35,19.3,18.9,16.1,16.85,18.8,18.95,18.6,17.15,17.95,19.65,20.75,20.3,20.5,20.4,19.0,20.75,20.45,20.25,18.5,20.05,18.9,19.9,21.55,17.8
65,Cả nước,19.9,19.35,19.7,18.4,19.95,20.65,19.5,20.4,18.950000000000003,19.75,20.75,20.65,18.45,19.2,19.5,19.25,20.75,21.25,22.0,18.15,21.1,20.85,21.4,19.45,18.950000000000003,16.3,17.05,19.1,19.15,18.7,17.7,18.45,20.05,20.75,20.3,20.5,22.05,22.05,21.4,20.9,21.7,21.9,20.75,19.35,23.05,22.4,17.95
65,Miền Bắc,20.55,19.85,20.3,18.55,20.25,20.95,19.9,21.1,19.15,20.25,21.8,21.45,18.9,19.6,20.5,19.75,21.3,22.0,22.5,18.5,23.55,21.15,22.2,19.799999999999997,19.15,16.6,17.25,19.7,19.6,19.05,18.25,18.95,20.25,20.8,20.45,20.5,22.75,24.1,21.65,21.2,22.25,24.0,21.0,19.85,25.1,22.7,18.15
65,Miền Nam,19.45,19.05,19.3,18.2,19.55,20.35,19.25,19.95,18.85,19.25,20.15,20.2,18.0,18.75,19.0,18.75,20.15,20.75,21.5,17.85,18.4,20.049999999999997,20.1,19.2,18.85,16.0,16.75,18.7,18.85,18.5,17.1,17.85,19.5,20.7,20.25,20.5,20.4,18.95,20.65,20.4,20.2,18.45,19.95,18.8,19.75,21.45,17.7
66,Cả nước,19.8,19.25,19.6,18.3,19.85,20.55,19.4,20.3,18.9,19.75,20.65,20.6,18.35,19.1,19.5,19.25,20.65,21.25,22.0,18.05,21.049999999999997,20.75,21.25,19.35,18.9,16.200000000000003,16.95,19.0,19.1,18.65,17.6,18.35,19.9,20.5,20.2,20.3,21.95,22.0,21.35,20.8,21.55,21.8,20.65,19.3,23.0,22.35,17.85
66,Miền Bắc,20.45,19.75,20.25,18.45,20.15,20.85,19.8,21.0,19.05,20.25,21.7,21.35,18.75,19.5,20.25,19.75,21.2,21.75,22.5,18.35,23.549999999999997,21.05,22.05,19.7,19.05,16.5,17.15,19.6,19.55,18.95,18.15,18.85,20.1,20.7,20.3,20.45,22.65,24.05,21.5,21.15,22.2,23.9,20.85,19.8,24.95,22.55,18.05
66,Miền Nam,19.35,18.95,19.2,18.1,19.5,20.25,19.15,19.85,18.75,19.25,20.05,20.1,17.9,18.65,19.0,18.75,20.1,20.5,21.25,17.75,18.35,19.95,20.05,19.1,18.75,15.9,16.7,18.63,18.75,18.4,17.0,17.75,19.45,20.5,20.05,20.299999999999997,20.35,18.85,20.6,20.35,20.15,18.2,19.85,18.75,19.55,21.3,17.65
67,Cả nước,19.65,19.15,19.5,18.2,19.75,20.45,19.3,20.25,18.8,19.5,20.55,20.5,18.25,19.0,19.5,19.0,20.55,21.0,21.75,17.95,20.95,20.65,21.1,19.25,18.8,16.1,16.85,18.9,19.0,18.55,17.5,18.25,19.85,20.35,20.1,20.25,21.9,21.8,21.2,20.75,21.55,21.7,20.55,19.2,22.95,22.25,17.75
67,Miền Bắc,20.35,19.65,20.15,18.35,20.05,20.75,19.7,20.95,19.0,20.0,21.65,21.3,18.65,19.35,20.25,19.5,21.1,21.75,22.5,18.25,23.3,20.9,21.95,19.6,19.0,16.4,17.05,19.5,19.45,18.9,18.05,18.75,20.0,20.3,20.2,20.299999999999997,22.5,24.0,21.4,20.95,22.05,23.85,20.75,19.7,24.9,22.45,17.95
67,Miền Nam,19.25,18.85,19.1,18.0,19.4,20.15,19.05,19.8,18.65,19.0,19.95,20.0,17.8,18.55,19.0,18.75,20.0,20.5,21.25,17.65,18.200000000000003,19.85,20.0,19.049999999999997,18.65,15.8,16.6,18.55,18.65,18.35,16.9,17.65,19.35,20.4,20.049999999999997,20.25,20.2,18.7,20.55,20.3,20.0,18.2,19.7,18.65,19.55,21.2,17.55
68,Cả nước,19.55,19.05,19.45,18.1,19.65,20.4,19.25,20.2,18.7,19.5,20.5,20.45,18.15,18.9,19.25,19.0,20.45,21.0,21.75,17.85,20.85,20.5,21.049999999999997,19.2,18.7,16.0,16.75,18.85,18.9,18.45,17.4,18.15,19.700000000000003,20.3,20.049999999999997,20.25,21.75,21.75,21.1,20.65,21.45,21.5,20.45,19.1,22.8,22.1,17.65
68,Miền Bắc,20.25,19.55,20.05,18.25,19.95,20.65,19.6,20.9,18.9,20.0,21.55,21.2,18.55,19.25,20.25,19.5,21.0,21.75,22.25,18.15,23.2,20.8,21.75,19.5,18.9,16.25,16.95,19.4,19.35,18.8,17.95,18.65,19.85,20.299999999999997,20.1,20.25,22.45,23.95,21.35,20.85,22.0,23.8,20.6,19.6,24.8,22.35,17.85
68,Miền Nam,19.15,18.75,19.0,17.9,19.3,20.05,19.0,19.75,18.55,19.0,19.9,19.95,17.7,18.5,18.75,18.5,19.9,20.5,21.25,17.55,18.1,19.75,19.75,18.95,18.55,15.7,16.5,18.45,18.6,18.25,16.8,17.6,19.25,20.35,19.950000000000003,20.15,20.2,18.55,20.4,20.2,19.95,18.05,19.6,18.55,19.5,21.15,17.45
69,Cả nước,19.45,18.95,19.35,18.0,19.55,20.3,19.15,20.1,18.6,19.5,20.4,20.35,18.0,18.75,19.25,18.75,20.35,21.0,21.75,17.75,20.7,20.4,20.9,19.1,18.6,15.9,16.65,18.75,18.8,18.4,17.3,18.05,19.65,20.25,20.0,20.15,21.7,21.65,20.95,20.5,21.35,21.3,20.35,19.0,22.65,22.0,17.55
69,Miền Bắc,20.15,19.45,19.95,18.15,19.85,20.55,19.5,20.85,18.8,19.75,21.45,21.1,18.4,19.15,20.0,19.5,20.9,21.5,22.25,18.05,23.1,20.65,21.7,19.45,18.8,16.15,16.85,19.35,19.3,18.7,17.85,18.55,19.75,20.25,20.0,20.2,22.35,23.85,21.2,20.8,21.95,23.75,20.55,19.5,24.75,22.25,17.75
69,Miền Nam,19.05,18.65,18.95,17.8,19.2,20.0,18.9,19.65,18.5,18.75,19.8,19.85,17.6,18.4,18.75,18.5,19.8,20.25,21.0,17.45,18.1,19.549999999999997,19.7,18.85,18.5,15.600000000000001,16.4,18.35,18.5,18.15,16.7,17.5,19.15,20.3,19.85,20.1,20.1,18.55,20.15,20.1,19.9,18.0,19.4,18.5,19.3,21.05,17.35
70,Cả nước,19.35,18.85,19.25,17.85,19.45,20.2,19.05,20.05,18.549999999999997,19.25,20.3,20.25,17.9,18.65,19.0,18.75,20.25,20.75,21.5,17.6,20.55,20.25,20.75,19.0,18.549999999999997,15.8,16.5,18.65,18.75,18.3,17.2,17.95,19.5,20.1,19.85,20.1,21.55,21.35,20.85,20.4,21.25,21.2,20.2,18.9,22.55,21.85,17.45
70,Miền Bắc,20.0,19.35,19.85,18.0,19.75,20.45,19.4,20.75,18.700000000000003,19.75,21.35,21.05,18.3,19.0,20.0,19.25,20.8,21.5,22.25,17.9,22.95,20.549999999999997,21.4,19.35,18.700000000000003,16.05,16.75,19.25,19.2,18.6,17.75,18.45,19.65,20.1,20.0,20.2,22.25,23.75,21.1,20.8,21.7,23.6,20.4,19.4,24.7,22.15,17.65
70,Miền Nam,18.9,18.549999999999997,18.85,17.7,19.1,19.9,18.8,19.6,18.4,18.75,19.7,19.75,17.5,18.3,18.5,18.5,19.75,20.25,21.0,17.35,18.0,19.4,19.5,18.75,18.4,15.5,16.3,18.25,18.4,18.05,16.6,17.4,19.0,20.0,19.75,20.1,20.05,18.45,20.0,20.05,19.75,17.8,19.2,18.4,19.25,20.9,17.25
71,Cả nước,19.25,18.75,19.15,17.75,19.35,20.1,18.95,19.95,18.45,19.25,20.2,20.15,17.8,18.55,19.0,18.75,20.15,20.75,21.5,17.5,20.35,20.15,20.6,18.9,18.45,15.7,16.4,18.55,18.65,18.2,17.1,17.85,19.35,19.95,19.75,20.1,21.45,21.3,20.75,20.3,21.1,21.1,20.05,18.8,22.5,21.75,17.35
71,Miền Bắc,19.9,19.25,19.75,17.9,19.65,20.35,19.3,20.7,18.65,19.75,21.25,20.95,18.15,18.9,19.75,19.25,20.7,21.25,22.0,17.8,22.85,20.4,21.15,19.25,18.65,15.95,16.6,19.15,19.1,18.5,17.65,18.35,19.549999999999997,20.0,19.85,20.15,22.0,23.7,20.95,20.65,21.55,23.6,20.3,19.3,24.6,22.0,17.55
71,Miền Nam,18.8,18.400000000000002,18.75,17.6,19.0,19.8,18.7,19.5,18.3,18.75,19.6,19.7,17.4,18.2,18.5,18.25,19.65,20.0,21.0,17.25,17.95,19.25,19.4,18.65,18.3,15.4,16.2,18.15,18.3,18.0,16.5,17.3,18.8,19.95,19.7,20.1,19.95,18.15,19.85,20.05,19.75,17.65,19.15,18.3,19.25,20.75,17.15
72,Cả nước,19.15,18.65,19.05,17.65,19.25,20.0,18.85,19.9,18.35,19.0,20.1,20.1,17.65,18.45,19.0,18.5,20.05,20.75,21.5,17.4,20.1,20.0,20.45,18.799999999999997,18.35,15.55,16.3,18.45,18.55,18.1,17.0,17.75,19.200000000000003,19.85,19.65,20.05,21.3,21.25,20.6,20.2,21.0,20.85,19.9,18.7,22.4,21.65,17.25
72,Miền Bắc,19.8,19.15,19.65,17.8,19.55,20.25,19.2,20.6,18.55,19.5,21.2,20.85,18.05,18.8,19.75,19.25,20.6,21.25,22.0,17.7,22.75,20.200000000000003,21.0,19.15,18.55,15.8,16.5,19.0,19.0,18.45,17.55,18.25,19.35,19.85,19.75,20.1,21.95,23.5,20.8,20.5,21.5,23.2,20.15,19.2,24.5,21.85,17.45
72,Miền Nam,18.7,18.3,18.65,17.5,18.9,19.7,18.6,19.45,18.2,18.5,19.5,19.6,17.3,18.1,18.5,18.25,19.55,20.0,20.75,17.15,17.9,19.15,19.3,18.5,18.2,15.3,16.099999999999998,18.05,18.2,17.9,16.4,17.25,18.65,19.85,19.5,19.950000000000003,19.95,18.05,19.7,19.85,19.75,17.6,19.05,18.2,19.15,20.6,17.05
73,Cả nước,19.0,18.5,18.95,17.55,19.15,19.9,18.75,19.8,18.25,19.0,20.0,20.0,17.55,18.3,18.75,18.5,19.95,20.5,21.25,17.3,20.0,19.9,20.35,18.7,18.25,15.45,16.2,18.3,18.45,18.0,16.9,17.65,19.1,19.8,19.5,20.0,21.2,21.2,20.55,20.15,20.85,20.8,19.75,18.6,22.3,21.55,17.15
73,Miền Bắc,19.7,19.0,19.55,17.65,19.45,20.15,19.1,20.55,18.45,19.5,21.1,20.75,17.9,18.65,19.5,19.0,20.5,21.25,21.75,17.55,22.7,20.1,20.85,19.05,18.45,15.7,16.4,18.9,18.9,18.35,17.45,18.15,19.2,19.8,19.5,20.05,21.9,23.45,20.7,20.4,21.45,23.05,20.0,19.1,24.4,21.75,17.3
73,Miền Nam,18.55,18.2,18.55,17.4,18.8,19.6,18.5,19.35,18.1,18.5,19.4,19.5,17.15,17.95,18.25,18.25,19.45,20.0,20.75,17.0,17.75,19.0,18.85,18.4,18.1,15.2,15.950000000000001,17.95,18.1,17.8,16.3,17.15,18.6,19.85,19.45,19.950000000000003,19.95,18.0,19.6,19.8,19.65,17.45,18.8,18.1,19.0,20.5,16.95
74,Cả nước,18.9,18.4,18.85,17.4,19.05,19.8,18.65,19.75,18.15,18.75,19.9,19.9,17.45,18.2,18.75,18.5,19.85,20.5,21.25,17.15,19.9,19.75,20.25,18.55,18.15,15.35,16.1,18.2,18.35,17.9,16.8,17.55,18.95,19.75,19.35,19.95,21.05,21.1,20.45,20.0,20.7,20.65,19.65,18.5,22.1,21.4,17.05
74,Miền Bắc,19.55,18.9,19.45,17.55,19.3,20.05,19.0,20.45,18.35,19.25,21.0,20.7,17.75,18.5,19.5,19.0,20.35,21.0,21.75,17.45,22.6,19.950000000000003,20.75,18.95,18.35,15.55,16.299999999999997,18.8,18.85,18.25,17.3,18.05,19.05,19.75,19.45,20.0,21.75,23.35,20.55,20.3,21.3,23.0,19.85,19.0,24.25,21.65,17.2
74,Miền Nam,18.45,18.1,18.45,17.25,18.7,19.5,18.4,19.3,18.0,18.25,19.32,19.4,17.05,17.85,18.25,18.0,19.35,19.75,20.75,16.9,17.7,18.9,18.85,18.3,18.0,15.05,15.850000000000001,17.85,18.0,17.7,16.2,17.05,18.4,19.75,19.4,19.95,19.75,17.85,19.5,19.75,19.6,17.45,18.65,18.05,19.0,20.4,16.85
75,Cả nước,18.75,18.3,18.7,17.3,18.9,19.65,18.55,19.65,18.05,18.75,19.8,19.8,17.3,18.1,18.5,18.25,19.75,20.25,21.0,17.05,19.700000000000003,19.55,20.15,18.450000000000003,18.05,15.200000000000001,15.950000000000001,18.1,18.25,17.8,16.65,17.45,18.75,19.7,19.3,19.85,20.8,20.85,20.3,19.95,20.6,20.45,19.45,18.4,21.9,21.25,16.95
75,Miền Bắc,19.45,18.8,19.35,17.4,19.2,19.9,18.9,20.4,18.25,19.25,20.85,20.6,17.65,18.4,19.5,18.75,20.25,21.0,21.75,17.3,22.5,19.85,20.6,18.85,18.25,15.45,16.15,18.7,18.75,18.15,17.2,17.95,18.9,19.700000000000003,19.3,19.9,21.6,23.1,20.5,20.2,21.25,23.0,19.7,18.9,24.1,21.55,17.1
75,Miền Nam,18.35,17.950000000000003,18.3,17.15,18.6,19.4,18.3,19.2,17.9,18.25,19.2,19.3,16.95,17.75,18.0,18.0,19.25,19.75,20.5,16.8,17.55,18.8,18.75,18.2,17.9,14.95,15.75,17.7,17.9,17.6,16.1,16.95,18.25,19.75,19.35,19.85,19.6,17.8,19.4,19.65,19.5,17.45,18.5,17.95,18.9,20.3,16.75
76,Cả nước,18.65,18.15,18.6,17.15,18.8,19.55,18.45,19.6,17.95,18.5,19.7,19.7,17.15,17.95,18.5,18.25,19.65,20.25,21.0,16.9,19.6,19.4,20.05,18.35,17.95,15.1,15.85,18.0,18.15,17.7,16.55,17.35,18.6,19.55,19.25,19.8,20.75,20.8,20.15,19.8,20.45,20.35,19.3,18.3,21.7,21.15,16.8
76,Miền Bắc,19.3,18.65,19.25,17.25,19.1,19.8,18.8,20.3,18.15,19.0,20.75,20.5,17.5,18.25,19.25,18.75,20.1,20.75,21.5,17.2,22.35,19.65,20.45,18.75,18.15,15.3,16.05,18.6,18.65,18.05,17.1,17.85,18.7,19.55,19.15,19.85,21.45,23.0,20.35,20.0,21.1,22.95,19.55,18.8,24.0,21.4,16.95
76,Miền Nam,18.2,17.85,18.2,17.05,18.5,19.3,18.2,19.15,17.8,18.25,19.1,19.2,16.85,17.65,18.0,18.0,19.15,19.5,20.5,16.650000000000002,17.5,18.700000000000003,18.7,18.1,17.8,14.85,15.649999999999999,17.6,17.8,17.5,16.0,16.85,18.1,19.6,19.35,19.8,19.45,17.75,19.2,19.65,19.45,17.3,18.35,17.85,18.6,20.2,16.65
77,Cả nước,18.5,18.05,18.5,17.05,18.7,19.45,18.3,19.5,17.85,18.5,19.6,19.6,17.05,17.85,18.25,18.0,19.5,20.0,21.0,16.8,19.5,19.2,19.9,18.25,17.85,14.950000000000001,15.75,17.9,18.05,17.6,16.45,17.25,18.4,19.45,19.15,19.799999999999997,20.7,20.65,19.95,19.75,20.3,20.1,19.2,18.2,21.6,20.95,16.7
77,Miền Bắc,19.2,18.55,19.15,17.15,18.95,19.7,18.7,20.25,18.05,19.0,20.65,20.4,17.35,18.1,19.25,18.75,20.0,20.75,21.5,17.05,22.3,19.5,20.3,18.65,18.05,15.2,15.9,18.5,18.55,17.95,16.95,17.7,18.5,19.45,19.15,19.8,21.3,22.9,20.2,19.95,20.95,22.85,19.35,18.65,23.85,21.25,16.85
77,Miền Nam,18.1,17.75,18.1,16.9,18.35,19.2,18.1,19.05,17.7,18.0,19.0,19.1,16.7,17.5,17.75,17.75,19.05,19.5,20.25,16.55,17.35,18.65,18.6,17.950000000000003,17.7,14.75,15.549999999999999,17.5,17.7,17.4,15.9,16.75,18.0,19.55,19.3,19.75,19.4,17.7,19.1,19.55,19.35,17.3,18.3,17.75,18.55,20.1,16.5
78,Cả nước,18.35,17.9,18.4,16.9,18.55,19.35,18.2,19.4,17.75,18.25,19.5,19.5,16.9,17.7,18.25,18.0,19.4,20.0,20.75,16.65,19.2,19.05,19.8,18.1,17.75,14.85,15.600000000000001,17.75,17.95,17.5,16.35,17.1,18.25,19.4,19.1,19.7,20.55,20.45,19.75,19.65,20.15,20.0,19.05,18.1,21.55,20.8,16.55
78,Miền Bắc,19.05,18.4,19.05,17.0,18.85,19.55,18.55,20.15,17.95,18.75,20.55,20.3,17.2,18.0,19.0,18.5,19.85,20.5,21.25,16.900000000000002,22.1,19.3,20.2,18.549999999999997,17.95,15.05,15.8,18.35,18.45,17.85,16.85,17.6,18.35,19.45,19.05,19.75,21.2,22.7,20.05,19.75,20.85,22.7,19.25,18.55,23.7,21.05,16.75
78,Miền Nam,17.95,17.6,18.0,16.8,18.25,19.05,18.0,18.95,17.6,18.0,18.9,19.05,16.6,17.4,17.75,17.75,18.9,19.5,20.25,16.45,17.15,18.5,18.55,17.85,17.6,14.600000000000001,15.4,17.4,17.6,17.3,15.8,16.6,17.9,19.25,19.299999999999997,19.65,19.35,17.5,18.9,19.5,19.05,17.2,18.2,17.6,18.45,19.9,16.4
79,Cả nước,18.25,17.799999999999997,18.25,16.75,18.45,19.2,18.1,19.35,17.65,18.25,19.35,19.4,16.75,17.55,18.0,18.0,19.25,19.75,20.75,16.5,19.15,18.9,19.65,18.0,17.65,14.700000000000001,15.5,17.65,17.8,17.4,16.2,17.0,18.05,19.35,18.95,19.6,20.45,20.35,19.6,19.6,19.95,19.95,18.85,18.0,21.35,20.65,16.45
79,Miền Bắc,18.9,18.299999999999997,18.9,16.85,18.7,19.45,18.45,20.1,17.85,18.75,20.4,20.2,17.05,17.85,19.0,18.5,19.75,20.5,21.25,16.8,22.0,19.1,20.15,18.4,17.85,14.95,15.65,18.25,18.35,17.75,16.75,17.5,18.2,19.4,18.95,19.65,21.05,22.6,19.85,19.7,20.7,22.55,19.15,18.45,23.65,20.9,16.6
79,Miền Nam,17.8,17.450000000000003,17.9,16.65,18.15,18.95,17.85,18.9,17.5,17.75,18.8,18.9,16.45,17.25,17.75,17.5,18.8,19.25,20.16,16.3,17.0,18.4,18.3,17.75,17.5,14.5,15.3,17.25,17.5,17.2,15.7,16.5,17.85,19.1,19.05,19.55,19.25,17.5,18.75,19.45,18.95,17.15,17.95,17.5,18.45,19.8,16.3
80,Cả nước,18.1,17.65,18.15,16.6,18.3,19.1,18.0,19.25,17.55,18.0,19.25,19.3,16.6,17.4,18.0,17.75,19.15,19.75,20.5,16.4,18.9,18.75,19.45,17.9,17.55,14.6,15.350000000000001,17.5,17.7,17.3,16.1,16.9,17.9,19.1,18.9,19.5,20.3,20.2,19.4,19.55,19.85,19.85,18.65,17.85,21.05,20.5,16.35
80,Miền Bắc,18.8,18.15,18.8,16.7,18.55,19.3,18.35,20.0,17.75,18.5,20.3,20.1,16.9,17.7,18.75,18.25,19.6,20.25,21.0,16.65,21.9,18.95,19.95,18.3,17.75,14.8,15.549999999999999,18.15,18.25,17.65,16.6,17.35,17.95,19.35,18.8,19.6,20.8,22.45,19.65,19.65,20.45,22.4,18.9,18.3,23.5,20.75,16.45
80,Miền Nam,17.65,17.35,17.75,16.5,18.0,18.85,17.75,18.8,17.4,17.75,18.7,18.8,16.3,17.15,17.5,17.5,18.7,19.25,20.0,16.2,16.9,18.200000000000003,18.25,17.6,17.4,14.35,15.15,17.15,17.4,17.1,15.55,16.4,17.65,19.049999999999997,19.0,19.450000000000003,19.25,17.4,18.65,19.35,18.6,17.05,17.85,17.4,18.3,19.65,16.15
81,Cả nước,17.95,17.5,18.0,16.5,18.15,18.95,17.85,19.15,17.45,18.0,19.1,19.15,16.45,17.3,17.75,17.75,19.0,19.5,20.5,16.25,18.7,18.549999999999997,19.4,17.75,17.45,14.45,15.25,17.4,17.6,17.2,15.95,16.75,17.7,19.0,18.8,19.35,20.2,20.0,19.25,19.45,19.75,19.7,18.5,17.75,20.9,20.35,16.2
81,Miền Bắc,18.6,18.0,18.65,16.55,18.45,19.15,18.2,19.9,17.65,18.25,20.2,19.95,16.75,17.55,18.75,18.25,19.45,20.25,21.0,16.5,21.8,18.75,19.9,18.15,17.65,14.65,15.399999999999999,18.0,18.1,17.55,16.45,17.2,17.75,19.1,18.75,19.35,20.75,22.4,19.45,19.6,20.3,22.2,18.75,18.2,23.45,20.55,16.35
81,Miền Nam,17.5,17.2,17.6,16.4,17.9,18.7,17.65,18.7,17.299999999999997,17.5,18.55,18.7,16.2,17.0,17.5,17.25,18.55,19.0,20.0,16.05,16.8,18.1,18.2,17.450000000000003,17.299999999999997,14.200000000000001,15.05,17.0,17.25,16.95,15.45,16.3,17.5,18.8,18.9,19.35,19.25,17.35,18.55,19.15,18.35,17.05,17.75,17.3,18.25,19.45,16.05
82,Cả nước,17.8,17.35,17.9,16.35,18.05,18.8,17.75,19.05,17.3,17.75,19.0,19.05,16.3,17.15,17.75,17.5,18.9,19.5,20.25,16.1,18.55,18.4,19.25,17.6,17.3,14.3,15.1,17.25,17.45,17.05,15.85,16.65,17.5,18.9,18.75,19.25,20.1,19.7,19.05,19.35,19.65,19.5,18.3,17.6,20.7,20.15,16.05
82,Miền Bắc,18.45,17.85,18.5,16.4,18.3,19.05,18.1,19.8,17.5,18.25,20.05,19.85,16.55,17.35,18.5,18.0,19.3,20.0,20.75,16.3,21.65,18.5,19.8,18.05,17.5,14.5,15.25,17.85,18.0,17.4,16.35,17.1,17.6,19.0,18.6,19.25,20.7,22.35,19.3,19.5,20.15,22.0,18.55,18.05,23.15,20.4,16.2
82,Miền Nam,17.35,17.05,17.5,16.25,17.75,18.6,17.5,18.6,17.15,17.5,18.45,18.6,16.05,16.85,17.25,17.25,18.45,19.0,19.75,15.9,16.75,17.9,18.05,17.35,17.15,14.1,14.9,16.9,17.15,16.85,15.35,16.2,17.15,18.799999999999997,18.85,19.3,19.2,17.25,18.45,19.15,18.3,16.7,17.55,17.2,18.2,19.35,15.9
83,Cả nước,17.6,17.2,17.75,16.15,17.9,18.7,17.6,18.95,17.2,17.75,18.85,18.95,16.15,16.95,17.5,17.5,18.75,19.25,20.25,15.95,18.35,18.15,19.099999999999998,17.5,17.2,14.15,14.95,17.1,17.35,16.95,15.7,16.5,17.299999999999997,18.8,18.6,19.05,20.0,19.55,18.85,19.15,19.6,19.3,18.15,17.5,20.45,20.0,15.95
83,Miền Bắc,18.3,17.7,18.4,16.25,18.15,18.9,17.95,19.7,17.4,18.0,19.9,19.75,16.4,17.2,18.5,18.0,19.15,20.0,20.75,16.150000000000002,21.35,18.3,19.55,17.9,17.4,14.35,15.100000000000001,17.75,17.85,17.3,16.2,16.95,17.4,18.95,18.55,19.05,20.55,22.1,19.1,19.4,19.95,21.95,18.35,17.9,23.05,20.25,16.05
83,Miền Nam,17.2,16.9,17.35,16.1,17.65,18.45,17.35,18.5,17.05,17.25,18.3,18.45,15.9,16.7,17.0,17.0,18.3,18.75,19.75,15.75,16.6,17.630000000000003,18.0,17.2,17.05,13.95,14.8,16.75,17.0,16.75,15.2,16.05,17.05,18.65,18.799999999999997,19.1,18.95,17.1,18.23,19.1,18.25,16.65,17.4,17.05,18.05,19.1,15.8
84,Cả nước,17.45,17.05,17.6,16.0,17.75,18.55,17.45,18.85,17.05,17.5,18.75,18.8,16.0,16.8,17.5,17.25,18.6,19.25,20.0,15.8,18.15,17.9,18.85,17.35,17.05,14.0,14.8,16.95,17.2,16.85,15.55,16.35,17.05,18.65,18.5,19.0,19.95,19.4,18.7,19.1,19.5,19.0,17.9,17.35,20.35,19.75,15.8
84,Miền Bắc,18.15,17.549999999999997,18.25,16.05,18.0,18.75,17.85,19.6,17.3,18.0,19.75,19.6,16.2,17.05,18.25,17.75,19.0,19.75,20.5,16.0,21.2,18.0,19.4,17.75,17.3,14.2,14.95,17.6,17.75,17.15,16.05,16.8,17.1,18.8,18.3,19.05,20.45,22.0,18.9,19.3,19.8,21.85,18.15,17.8,22.95,20.0,15.9
84,Miền Nam,17.05,16.75,17.2,15.95,17.5,18.3,17.25,18.4,16.9,17.08,18.2,18.35,15.75,16.55,17.0,17.0,18.15,18.75,19.5,15.6,16.1,17.5,17.9,17.05,16.9,13.8,14.65,16.6,16.85,16.6,15.1,15.95,16.85,18.5,18.75,19.049999999999997,18.8,16.95,18.05,19.1,17.7,16.5,17.25,16.95,18.0,18.95,15.65
85,Cả nước,17.25,16.85,17.45,15.85,17.6,18.4,17.35,18.7,16.95,17.25,18.6,18.7,15.8,16.65,17.25,17.25,18.4,19.0,19.75,15.600000000000001,18.05,17.6,18.75,17.2,16.95,13.85,14.65,16.8,17.05,16.7,15.4,16.25,16.8,18.450000000000003,18.25,18.95,19.75,19.3,18.45,19.05,19.25,18.7,17.7,17.2,20.2,19.55,15.65
85,Miền Bắc,17.95,17.35,18.1,15.9,17.8,18.6,17.7,19.5,17.15,17.75,19.65,19.5,16.05,16.85,18.0,17.75,18.85,19.5,20.25,15.8,21.1,17.7,19.37,17.6,17.15,14.049999999999999,14.8,17.45,17.6,17.05,15.9,16.65,16.85,18.65,18.2,18.95,20.25,21.8,18.7,19.1,19.75,21.7,17.9,17.65,22.8,19.8,15.75
85,Miền Nam,16.85,16.6,17.05,15.8,17.35,18.15,17.1,18.3,16.8,17.0,18.05,18.2,15.6,16.4,16.75,16.75,18.05,18.5,19.5,15.45,16.0,17.4,17.85,16.9,16.8,13.65,14.5,16.45,16.75,16.5,14.95,15.8,16.75,18.45,18.55,19.0,18.75,16.45,17.9,19.05,17.7,16.15,17.05,16.8,17.7,18.8,15.5
86,Cả nước,17.1,16.7,17.25,15.65,17.4,18.25,17.2,18.6,16.8,17.25,18.45,18.55,15.65,16.45,17.0,17.0,18.25,19.0,19.75,15.45,17.95,17.35,18.55,17.0,16.8,13.7,14.5,16.65,16.95,16.55,15.25,16.1,16.55,18.4,18.2,18.85,19.65,19.05,18.23,19.0,19.05,18.55,17.48,17.1,19.95,19.3,15.5
86,Miền Bắc,17.8,17.150000000000002,17.9,15.7,17.65,18.4,17.55,19.4,17.049999999999997,17.5,19.5,19.35,15.85,16.65,18.0,17.5,18.65,19.5,20.25,15.649999999999999,20.8,17.4,19.25,17.45,17.049999999999997,13.850000000000001,14.649999999999999,17.3,17.45,16.9,15.75,16.5,16.6,18.4,18.049999999999997,18.85,20.15,21.6,18.4,19.0,19.6,21.3,17.65,17.5,22.7,19.55,15.6
86,Miền Nam,16.7,16.4,16.9,15.6,17.2,18.0,16.95,18.15,16.65,16.75,17.9,18.1,15.4,16.25,16.75,16.75,17.9,18.5,19.25,15.25,15.799999999999999,17.15,17.7,16.700000000000003,16.65,13.5,14.35,16.3,16.6,16.35,14.8,15.65,16.5,18.2,18.35,18.95,18.7,16.25,17.8,18.95,17.55,16.0,16.85,16.65,17.65,18.7,15.35
87,Cả nước,16.9,16.5,17.1,15.5,17.25,18.05,17.05,18.45,16.65,17.0,18.3,18.4,15.45,16.25,17.0,16.75,18.1,18.75,19.5,15.25,17.85,17.0,18.35,16.85,16.65,13.5,14.35,16.5,16.8,16.45,15.1,15.95,16.35,18.25,17.9,18.5,19.6,18.9,18.0,18.85,18.85,18.45,17.25,16.9,19.65,19.05,15.35
87,Miền Bắc,17.6,17.0,17.75,15.5,17.45,18.25,17.4,19.3,16.9,17.25,19.3,19.2,15.65,16.45,17.75,17.25,18.45,19.25,20.0,15.45,20.65,17.05,19.1,17.3,16.9,13.7,14.450000000000001,17.1,17.35,16.75,15.6,16.35,16.3,18.3,17.9,18.25,20.05,21.35,18.15,18.9,19.5,21.1,17.45,17.33,22.55,19.25,15.45
87,Miền Nam,16.5,16.25,16.75,15.45,17.0,17.85,16.8,18.05,16.5,16.75,17.75,17.95,15.25,16.05,16.5,16.5,17.7,18.25,19.0,15.1,15.65,16.85,17.55,16.55,16.5,13.35,14.2,16.15,16.45,16.2,14.65,15.5,16.45,18.15,18.2,18.6,18.6,16.2,17.55,18.8,17.05,15.9,16.7,16.55,17.4,18.55,15.2
88,Cả nước,16.7,16.3,16.95,15.3,17.05,17.9,16.9,18.35,16.5,16.75,18.1,18.25,15.25,16.05,16.75,16.75,17.9,18.5,19.25,15.05,17.55,16.7,18.25,16.65,16.5,13.35,14.15,16.35,16.6,16.3,14.95,15.75,16.1,18.15,17.75,18.15,19.35,18.55,17.75,18.7,18.6,18.2,16.9,16.75,19.55,18.85,15.15
88,Miền Bắc,17.4,16.799999999999997,17.55,15.3,17.25,18.05,17.25,19.15,16.75,17.25,19.15,19.05,15.45,16.25,17.5,17.25,18.25,19.0,19.75,15.25,20.1,16.700000000000003,19.0,17.1,16.75,13.5,14.3,16.95,17.2,16.6,15.4,16.2,16.05,18.25,17.75,18.15,19.9,21.25,17.95,18.75,19.15,20.85,17.1,17.15,22.4,19.0,15.25
88,Miền Nam,16.3,16.05,16.6,15.25,16.85,17.7,16.65,17.9,16.35,16.5,17.6,17.8,15.05,15.85,16.25,16.5,17.55,18.0,19.0,14.9,15.450000000000001,16.65,17.25,16.4,16.35,13.2,14.049999999999999,15.95,16.25,16.05,14.5,15.35,16.25,18.1,18.2,18.6,18.55,16.05,17.4,18.65,17.0,15.75,16.5,16.4,17.35,18.35,15.05
89,Cả nước,16.45,16.1,16.75,15.1,16.85,17.7,16.7,18.2,16.35,16.5,17.95,18.1,15.05,15.85,16.5,16.5,17.7,18.25,19.25,14.850000000000001,17.35,16.38,18.05,16.5,16.35,13.15,14.0,16.15,16.45,16.13,14.780000000000001,15.6,15.8,18.05,17.65,18.1,19.2,18.25,17.5,18.35,18.4,17.85,16.65,16.6,19.3,18.6,15.0
89,Miền Bắc,17.15,16.55,17.35,15.1,17.05,17.85,17.05,19.0,16.6,17.0,19.0,18.9,15.2,16.0,17.5,17.0,18.05,18.75,19.75,15.049999999999999,19.95,16.3,18.6,16.95,16.6,13.3,14.1,16.75,17.0,16.45,15.2,16.0,15.75,18.15,17.65,18.1,19.7,21.2,17.6,18.35,18.9,20.55,16.8,16.95,22.35,18.75,15.05
89,Miền Nam,16.05,15.85,16.4,15.05,16.65,17.5,16.5,17.8,16.2,16.25,17.45,17.65,14.85,15.65,16.0,16.25,17.35,18.0,18.75,14.700000000000001,15.350000000000001,16.5,17.05,16.2,16.2,13.0,13.850000000000001,15.8,16.1,15.9,14.35,15.2,16.05,18.05,18.15,18.5,18.05,16.05,17.25,18.35,16.9,15.75,16.45,16.2,17.25,18.25,14.899999999999999
90,Cả nước,16.25,15.9,16.55,14.85,16.65,17.5,16.55,18.05,16.2,16.5,17.75,17.9,14.8,15.65,16.25,16.5,17.5,18.25,19.0,14.65,17.0,16.05,17.85,16.299999999999997,16.2,12.95,13.8,15.95,16.25,15.95,14.6,15.4,15.549999999999999,17.7,17.55,17.8,19.05,18.0,17.25,18.25,18.3,17.6,16.45,16.4,19.05,18.35,14.8
90,Miền Bắc,16.9,16.35,17.15,14.9,16.85,17.65,16.9,18.9,16.400000000000002,16.75,18.8,18.75,14.95,15.8,17.25,16.75,17.85,18.75,19.5,14.8,19.700000000000003,16.05,18.4,16.75,16.400000000000002,13.1,13.9,16.55,16.85,16.3,15.0,15.8,15.4,17.5,17.55,17.8,19.65,21.05,17.35,18.3,18.8,20.35,16.5,16.75,22.05,18.5,14.850000000000001
90,Miền Nam,15.85,15.600000000000001,16.2,14.85,16.45,17.3,16.3,17.65,16.0,16.0,17.25,17.45,14.65,15.45,16.0,16.0,17.15,17.75,18.5,14.5,15.35,16.25,16.65,16.0,16.0,12.8,13.65,15.6,15.9,15.75,14.2,15.05,15.8,18.05,17.7,18.1,17.25,15.65,17.05,18.05,16.8,15.65,16.15,16.05,17.15,18.0,14.7
91,Cả nước,16.0,15.65,16.35,14.65,16.45,17.25,16.35,17.9,16.0,16.25,17.55,17.75,14.55,15.4,16.25,16.25,17.25,18.0,18.75,14.4,16.8,15.75,17.6,16.05,16.0,12.75,13.6,15.75,16.05,15.8,14.4,15.2,15.25,17.45,17.549999999999997,17.7,18.8,17.8,17.05,18.05,17.9,17.45,16.15,16.2,18.9,18.1,14.6
91,Miền Bắc,16.65,16.1,16.95,14.65,16.6,17.4,16.7,18.7,16.25,16.5,18.55,18.55,14.7,15.55,17.0,16.75,17.6,18.5,19.25,14.55,19.5,15.649999999999999,18.25,16.5,16.25,12.899999999999999,13.7,16.35,16.65,16.1,14.8,15.6,15.15,17.45,17.5,17.7,19.6,20.8,17.1,18.15,18.6,20.05,16.2,16.55,21.7,18.25,14.65
91,Miền Nam,15.6,15.4,16.0,14.6,16.25,17.1,16.1,17.45,15.85,15.75,17.05,17.3,14.4,15.2,15.75,16.0,16.95,17.5,18.25,14.3,15.2,16.0,16.55,15.75,15.85,12.600000000000001,13.5,15.4,15.7,15.55,14.0,14.85,15.6,17.85,17.55,17.7,17.05,15.65,16.95,18.05,16.65,15.0,16.0,15.85,17.0,17.85,14.5
92,Cả nước,15.7,15.4,16.1,14.4,16.2,17.0,16.1,17.7,15.8,16.0,17.35,17.55,14.3,15.1,16.0,16.0,17.0,17.75,18.5,14.15,16.5,15.3,17.35,15.8,15.8,12.549999999999999,13.350000000000001,15.5,15.85,15.6,14.2,15.0,14.95,17.05,17.15,17.6,18.65,17.5,16.85,18.0,17.7,17.25,15.8,16.0,18.45,17.85,14.35
92,Miền Bắc,16.35,15.85,16.7,14.4,16.35,17.15,16.5,18.55,16.05,16.25,18.35,18.35,14.45,15.25,16.75,16.5,17.3,18.25,19.0,14.3,19.15,15.2,18.0,16.3,16.05,12.649999999999999,13.45,16.1,16.45,15.95,14.6,15.35,14.85,16.95,17.3,17.65,19.05,20.7,16.85,18.05,18.35,19.95,15.85,16.35,21.55,17.95,14.45
92,Miền Nam,15.35,15.149999999999999,15.75,14.4,16.0,16.85,15.9,17.3,15.649999999999999,15.5,16.8,17.1,14.15,14.95,15.5,15.75,16.7,17.25,18.0,14.05,15.15,15.65,16.55,15.5,15.649999999999999,12.4,13.25,15.2,15.5,15.4,13.8,14.65,15.3,17.6,17.2,17.6,16.9,15.45,16.65,18.0,16.25,14.85,15.3,15.65,16.45,17.5,14.3
93,Cả nước,15.4,15.149999999999999,15.85,14.1,15.9,16.75,15.9,17.5,15.6,15.75,17.1,17.3,14.0,14.85,15.75,15.75,16.75,17.5,18.25,13.899999999999999,15.95,15.0,17.0,15.55,15.6,12.299999999999999,13.100000000000001,15.25,15.65,15.4,13.95,14.75,14.600000000000001,16.6,16.8,17.4,18.4,17.3,16.55,17.85,17.45,17.05,15.45,15.75,18.3,17.5,14.1
93,Miền Bắc,16.05,15.55,16.45,14.1,16.1,16.9,16.25,18.35,15.85,16.0,18.1,18.15,14.15,14.95,16.5,16.25,17.0,18.0,18.75,14.0,18.95,14.850000000000001,17.55,16.05,15.85,12.399999999999999,13.2,15.85,16.2,15.7,14.35,15.1,14.55,16.55,16.85,17.45,18.9,20.3,16.65,17.85,17.95,19.9,15.5,16.1,21.45,17.6,14.2
93,Miền Nam,15.05,14.850000000000001,15.5,14.1,15.75,16.6,15.65,17.1,15.4,15.25,16.6,16.85,13.85,14.7,15.25,15.5,16.45,17.0,17.75,13.8,14.8,15.45,16.1,15.25,15.4,12.15,13.0,14.95,15.280000000000001,15.2,13.6,14.45,15.05,17.25,17.0,17.45,16.25,15.45,16.45,18.0,16.0,14.8,14.85,15.45,16.2,17.15,14.05
94,Cả nước,15.1,14.85,15.55,13.8,15.6,16.45,15.65,17.3,15.35,15.25,16.8,17.05,13.7,14.5,15.25,15.5,16.4,17.25,18.0,13.6,15.600000000000001,14.649999999999999,16.65,15.25,15.35,12.0,12.85,15.0,15.35,15.15,13.7,14.5,14.3,16.5,16.7,16.85,18.05,16.95,16.2,17.25,16.9,16.55,15.2,15.5,18.05,17.1,13.85
94,Miền Bắc,15.75,15.25,16.15,13.8,15.75,16.55,16.0,18.15,15.600000000000001,15.5,17.8,17.9,13.8,14.6,16.25,16.0,16.7,17.5,18.25,13.7,18.6,14.5,17.35,15.75,15.600000000000001,12.100000000000001,12.9,15.6,15.95,15.5,14.05,14.85,14.15,16.45,16.7,16.8,18.65,20.2,16.25,17.35,17.85,19.7,15.25,15.8,21.05,17.2,13.9
94,Miền Nam,14.7,14.55,15.2,13.8,15.45,16.3,15.4,16.9,15.15,15.0,16.3,16.6,13.55,14.35,15.0,15.25,16.15,16.75,17.5,13.5,14.45,15.05,15.5,14.95,15.15,11.9,12.75,14.65,15.05,14.95,13.35,14.2,14.850000000000001,16.65,16.65,17.25,16.25,15.15,16.05,17.05,15.95,14.15,14.65,15.2,16.1,16.55,13.8
95,Cả nước,14.7,14.5,15.25,13.45,15.3,16.1,15.35,17.05,15.1,15.0,16.5,16.75,13.3,14.1,15.0,15.25,16.05,16.75,17.5,13.25,15.350000000000001,14.100000000000001,16.1,14.9,15.1,11.700000000000001,12.55,14.7,15.05,14.9,13.4,14.2,13.899999999999999,16.35,16.450000000000003,16.55,17.7,16.25,15.7,16.95,16.8,16.0,14.8,15.15,17.6,16.75,13.55
95,Miền Bắc,15.35,14.9,15.85,13.4,15.4,16.2,15.75,17.9,15.350000000000001,15.25,17.5,17.6,13.45,14.25,15.75,15.75,16.3,17.25,18.0,13.3,18.25,14.05,16.9,15.4,15.350000000000001,11.8,12.600000000000001,15.25,15.7,15.25,13.75,14.5,13.8,16.2,16.5,16.25,18.35,19.7,15.75,16.95,17.65,19.15,15.05,15.45,20.6,16.9,13.6
95,Miền Nam,14.35,14.200000000000001,14.9,13.45,15.15,15.95,15.1,16.65,14.899999999999999,14.75,16.0,16.3,13.15,13.95,14.5,15.0,15.8,16.5,17.25,13.2,14.149999999999999,14.7,15.149999999999999,14.600000000000001,14.899999999999999,11.649999999999999,12.5,14.35,14.75,14.65,13.05,13.9,14.4,16.65,16.450000000000003,17.15,16.05,14.8,15.55,17.0,15.7,13.8,14.25,14.9,15.8,16.3,13.5
96,Cả nước,14.3,14.1,14.85,13.0,14.9,15.65,15.0,16.75,14.75,14.5,16.15,16.4,12.9,13.65,14.75,15.0,15.65,16.25,17.25,12.85,15.2,13.75,15.8,14.55,14.75,11.350000000000001,12.2,14.35,14.75,14.55,13.05,13.85,13.55,16.1,15.95,16.099999999999998,17.05,15.95,15.3,16.6,16.6,15.7,14.4,14.8,17.2,16.3,13.2
96,Miền Bắc,14.9,14.549999999999999,15.45,13.0,15.0,15.75,15.4,17.6,15.05,14.75,17.15,17.3,13.0,13.75,15.5,15.25,15.85,16.75,17.5,12.899999999999999,18.0,13.65,16.1,15.05,15.05,11.45,12.25,14.9,15.35,14.9,13.35,14.1,13.5,15.95,16.15,16.099999999999998,17.85,19.65,15.3,16.7,16.9,18.75,14.6,15.05,20.3,16.5,13.2
96,Miền Nam,13.95,13.8,14.5,13.05,14.75,15.55,14.75,16.35,14.55,14.25,15.65,15.95,12.75,13.5,14.25,14.75,15.4,16.0,16.75,12.8,14.0,14.15,15.0,14.25,14.55,11.3,12.149999999999999,14.0,14.4,14.35,12.75,13.55,13.9,16.45,16.0,16.3,15.95,14.65,15.3,16.6,15.05,13.7,13.75,14.55,15.8,16.05,13.15
97,Cả nước,13.75,13.6,14.4,12.55,14.4,15.15,14.6,16.4,14.350000000000001,14.0,15.7,16.0,12.35,13.1,14.25,14.5,15.1,15.75,16.5,12.350000000000001,14.8,13.15,15.45,14.05,14.350000000000001,10.95,11.799999999999999,13.9,14.3,14.2,12.6,13.4,13.0,15.85,14.899999999999999,15.700000000000001,16.4,15.45,14.75,16.25,16.0,14.85,13.75,14.35,16.45,15.75,12.75
97,Miền Bắc,14.4,14.0,14.95,12.5,14.45,15.25,15.0,17.25,14.7,14.25,16.7,16.9,12.45,13.2,15.0,15.0,15.3,16.25,17.0,12.399999999999999,17.55,13.05,15.8,14.6,14.7,11.0,11.8,14.5,14.9,14.55,12.9,13.65,12.95,15.75,14.75,15.7,17.7,19.35,14.85,16.3,16.75,18.55,14.0,14.6,19.95,15.75,12.75
97,Miền Nam,13.45,13.3,14.1,12.55,14.25,15.05,14.35,16.0,14.149999999999999,13.75,15.25,15.55,12.2,12.9,13.75,14.25,14.9,15.5,16.25,12.35,13.5,13.600000000000001,14.8,13.75,14.149999999999999,10.9,11.75,13.6,13.95,14.0,12.3,13.15,13.549999999999999,16.2,15.649999999999999,16.15,15.4,14.5,14.55,16.5,15.0,12.95,13.55,14.1,15.2,15.55,12.75
98,Cả nước,13.1,12.95,13.8,11.85,13.7,14.45,14.05,15.9,13.8,13.25,15.1,15.4,11.65,12.3,13.5,14.0,14.4,15.25,15.75,11.7,14.1,12.45,14.8,13.4,13.8,10.45,11.200000000000001,13.35,13.75,13.7,12.05,12.8,12.45,15.05,14.5,15.0,16.2,14.8,14.15,15.25,15.7,13.8,13.15,13.7,15.9,14.9,12.2
98,Miền Bắc,13.7,13.4,14.35,11.85,13.8,14.55,14.45,16.75,14.2,13.5,16.1,16.35,11.75,12.45,14.25,14.5,14.55,15.5,16.0,11.7,16.2,12.45,15.55,13.95,14.2,10.450000000000001,11.25,13.9,14.35,14.05,12.3,13.0,12.45,15.0,14.45,15.0,16.9,18.2,14.15,15.25,16.55,18.2,13.18,13.95,19.55,15.0,12.2
98,Miền Nam,12.75,12.7,13.5,11.9,13.6,14.35,13.75,15.5,13.6,13.0,14.65,15.0,11.5,12.1,13.25,13.75,14.2,14.75,15.5,11.7,13.05,12.8,14.2,13.100000000000001,13.6,10.399999999999999,11.2,13.05,13.45,13.5,11.8,12.55,12.600000000000001,15.950000000000001,14.899999999999999,15.700000000000001,15.25,14.15,14.15,15.3,13.85,12.95,12.8,13.5,15.1,14.7,12.2
99,Cả nước,12.05,12.0,12.9,10.9,12.65,13.35,13.15,15.05,13.0,12.0,14.15,14.5,10.6,11.1,12.75,13.25,13.25,14.0,14.5,10.700000000000001,13.4,11.65,13.8,12.4,13.0,9.65,10.4,12.5,12.9,12.9,11.15,11.8,11.4,13.5,13.35,14.399999999999999,15.35,14.15,13.0,14.1,14.8,12.95,12.55,12.7,15.1,14.15,11.35
99,Miền Bắc,12.6,12.45,13.4,10.9,12.75,13.4,13.6,15.95,13.399999999999999,12.25,15.2,15.45,10.7,11.3,13.5,13.5,13.4,14.25,14.75,10.7,15.399999999999999,11.65,14.4,12.95,13.399999999999999,9.65,10.4,13.05,13.45,13.25,11.35,12.0,11.4,13.399999999999999,13.2,14.399999999999999,16.35,17.0,13.0,14.1,15.9,17.55,12.65,12.9,18.55,14.2,11.35
99,Miền Nam,11.7,11.7,12.6,10.9,12.6,13.25,12.85,14.7,12.75,11.75,13.75,14.1,10.4,10.95,12.25,13.0,13.05,13.75,14.25,10.75,12.100000000000001,11.75,13.55,12.1,12.75,9.649999999999999,10.350000000000001,12.2,12.6,12.7,10.95,11.6,11.8,15.15,14.65,14.5,14.3,13.95,13.1,14.1,13.8,12.4,11.95,12.5,14.2,13.7,11.35
100,Cả nước,2.15,5.2,3.95,3.65,3.4,1.2,3.2,3.8,5.5,0.0,4.05,4.55,3.25,2.4,2.75,2.0,2.4,1.25,0.0,3.85,9.0,9.2,11.15,5.75,5.5,5.15,4.6,5.2,4.95,4.2,4.05,2.8,7.85,10.9,10.9,11.65,11.55,9.05,8.35,12.6,12.55,9.8,10.15,2.8,11.3,9.35,4.6
100,Miền Bắc,4.15,6.0,6.55,4.7,3.4,6.15,5.2,7.05,6.800000000000001,1.75,6.9,6.65,3.25,3.85,6.25,6.0,5.45,5.5,4.5,4.7,9.0,9.2,12.0,6.45,6.800000000000001,5.15,4.8,6.95,7.25,7.4,4.7,5.0,7.85,11.65,11.2,11.65,11.55,9.05,8.35,13.4,12.55,9.8,10.15,4.75,11.3,9.35,5.65
100,Miền Nam,2.15,5.2,3.95,3.65,3.65,1.2,3.2,3.8,5.5,0.0,4.05,4.55,3.65,2.4,2.75,2.0,2.4,1.25,0.0,3.85,10.55,9.8,11.15,5.75,5.5,5.4,4.6,5.2,4.95,4.2,4.05,2.8,9.85,10.9,10.9,11.65,14.05,12.85,11.15,12.6,12.75,10.85,10.45,2.8,13.65,12.35,4.6
